Passage,Metadata,Embedding
"JUDGMENT
H. ABBAN (MRS.)
This is a unanimous decision of the Court.
The appeal before the Court arises out of the judgment of his Lordship Apaloo R. K. sitting at the High Court, Accra and delivered on the 10th day of May 2002. The judgment went in favour of the Plaintiff/Respondent (hereinafter referred to simply as the Respondent). The defendant/Appellant who will also be referred to henceforth in this judgment as simply the Appellant, being dissatisfied with the judgment has appealed to this Court against the said judgment.
The appellant stated five grounds of appeal filed pursuant to leave granted for the appeal to be lodged out of time. Counsel for the Appellant has decided in his wisdom to argue together the 1st and 5th grounds of appeal.
These are:—
“a - The ruling is totally at variance with the totality of evidence adduced at the trial;"" and
“e - The judge made findings of fact that were contradictory and not supported by any evidence on record.”
According to Counsel for the Appellant, the fact that the judge found that the defendant “assaulted and battered the plaintiff at the Fusion Night Club that evening” contradicts his other finding that “at about 1.00 a.m. on 22/5/98 there was a scuffle between the parties at the Fusion Night Club.” Counsel argues that this “scuffle” was amply corroborated by PW1 who was present at the club. His line of argument is that if the tr","{'booksReferredTo': [], 'caseId': {'number': 'H1/95/2004', 'type': None}, 'casesReferredTo': [], 'combinedCounsel': ['', ''], 'combinedParties': ['NAZIRE ABED v CHARLES LABA'], 'counsel': {'Plaintiff/Appellant': [], 'Defendant/Respondent': []}, 'court': {'location': {'city': 'ON THE TH DAY OF APRIL  BEFORE', 'country': 'GHANA'}, 'name': 'COURT OF APPEAL SITTING AT ACCRA'}, 'editorialNote': None, 'headNotes': None, 'indices': [], 'judgement': {'date': None, 'year': None, 'month': None, 'day': None}, 'judges': [], 'lawReportsCitations': [], 'mediaNeutralCitation': None, 'natureOfProceedings': None, 'partiesOfSuit': {'Plaintiff/Appellant': ['NAZIRE ABED'], 'Defendant/Respondent': ['CHARLES LABA']}, 'source': 'elibrary.jsg.gov.gh', 'sourceFile': '\\original_source_files\\Cases from 1993 - 2014\\2000\\COURT OF APPEAL\\NAZIRE ABED v CHARLES LABA.htm', 'statutesReferredTo': [], 'title': {'long': 'NAZIRE ABED v CHARLES LABA', 'short': 'NAZIRE ABED vs CHARLES LABA'}}","[0.05586819723248482, -0.028366977348923683, 0.007926661521196365, 0.015240415930747986, -0.03244097903370857, 0.032498445361852646, 0.001353254891000688, -0.0043161530047655106, -0.05371146649122238, 0.01761707291007042, -0.03389682620763779, -0.048675719648599625, 0.059259381145238876, -0.006277517881244421, 0.004964941646903753, 0.043397605419158936, -0.010423166677355766, 0.01734021306037903, 0.008449843153357506, 0.01029134076088667, 0.00046416500117629766, 0.013843168504536152, -0.011089739389717579, 0.035337481647729874, -0.014417128637433052, 0.030817458406090736, 0.005661272909492254, -0.019367579370737076, -0.04013487324118614, 0.008314412087202072, -0.036870554089546204, 0.029127348214387894, -0.017331261187791824, -0.04118110612034798, 2.273160816912423e-06, -0.0513775609433651, 0.006393518298864365, -0.01155597809702158, -0.00967490766197443, 0.026202762499451637, -0.029582789167761803, 0.07194478064775467, -0.038129985332489014, 0.05906371399760246, -0.04288212209939957, -0.02602262981235981, -0.02924348972737789, 0.04312281310558319, -0.018819253891706467, 0.046064719557762146, 0.01925087906420231, -0.057955265045166016, -0.03064870648086071, -0.03347713127732277, 0.0004681579302996397, -0.026380769908428192, -0.010118209756910801, -0.021251920610666275, 0.03681167587637901, -0.05615066736936569, 0.06345392763614655, -0.04046386852860451, -0.030365528538823128, -0.016872702166438103, -0.03815627098083496, -0.02495700679719448, -0.030429765582084656, -0.028651457279920578, 0.028492603451013565, 0.0021613144781440496, 0.06494033336639404, 0.02216506190598011, -0.019415458664298058, 0.07116936892271042, 0.05588104575872421, -0.026751019060611725, 0.0377943255007267, 0.07235732674598694, -0.02112991362810135, 0.01794242113828659, -0.01029085461050272, 0.06770732253789902, -0.029592039063572884, 0.0017980869160965085, -0.07382490485906601, -0.020653678104281425, -0.02332281693816185, -0.004310565534979105, 0.0066864523105323315, 0.04804182052612305, 0.049778953194618225, -0.045981455594301224, 0.01104648131877184, -0.005678434856235981, 0.015518981032073498, -0.018946198746562004, 0.030142726376652718, 0.002183550735935569, 0.0389803871512413, -0.13409104943275452, 0.023712527006864548, 0.001417346647940576, -0.03130612522363663, 0.00518400315195322, 0.008380196057260036, -0.0009355621295981109, -0.08019144833087921, 0.0191833283752203, 0.01433265209197998, 0.03917452320456505, -0.03056686744093895, -0.005338423419743776, 0.0007280234131030738, -0.008984275162220001, -0.07271744310855865, 0.05716019123792648, -0.030828915536403656, 0.009538596495985985, 0.030269766226410866, 0.012399736791849136, 0.004133760463446379, 0.018680738285183907, -0.009619339369237423, 0.015551954507827759, -0.0323859304189682, -0.10936873406171799, 0.007235177792608738, 0.030519431456923485, 0.043525248765945435, -0.021796289831399918, 0.013110360130667686, 0.0029102382250130177, 0.012493184767663479, 0.022426322102546692, 0.021502412855625153, 0.10386164486408234, -0.030019214376807213, -0.028949754312634468, -0.06687501817941666, -0.04622742533683777, -0.07897668331861496, -0.032025840133428574, -0.04314575716853142, -0.004488998558372259, 0.00306366803124547, 0.0007902960060164332, -0.02229786105453968, -0.031923238188028336, -0.0012045101029798388, 0.013840457424521446, 0.030110064893960953, -0.004159432370215654, 0.011042716912925243, -0.034999359399080276, 0.01402414869517088, 0.018685171380639076, 0.03337690606713295, -0.07489258050918579, -0.014743607491254807, -0.025076229125261307, -0.021881666034460068, 0.025845689699053764, -0.006533924490213394, -0.01893146149814129, 0.0038815184962004423, -0.013849901035428047, -0.006258073728531599, 0.00472714938223362, -0.07134334743022919, 0.010651625692844391, -0.018372252583503723, 0.03330450877547264, -0.016140777617692947, 0.043795034289360046, -0.0035946692805737257, -0.01186749991029501, -0.09408248215913773, 0.05906999856233597, -0.044829126447439194, -0.05974486097693443, -0.02296055108308792, 0.03254355862736702, -0.009549788199365139, -0.06315866857767105, -0.013314682990312576, -0.005922443233430386, 0.07872412353754044, 0.04995452240109444, -0.01890072412788868, -0.01386324968189001, 0.024262331426143646, 0.010706352069973946, -0.01903466135263443, 0.019374139606952667, -0.017881743609905243, 0.007829573005437851, -0.002233135746791959, -0.06130681186914444, 0.05330749601125717, -0.017155690118670464, -0.004408079665154219, -0.06488977372646332, 0.07063358277082443, -0.056612249463796616, -0.0350925549864769, 0.08096356689929962, 0.04037488251924515, -0.0175874475389719, -0.04245997965335846, 0.006179091054946184, -0.00996999442577362, 0.020777227357029915, 0.004505787510424852, 0.014958229847252369, -0.014989250339567661, -0.0030073830857872963, 0.009815847501158714, 0.0361701175570488, -0.0872318223118782, 0.07416068017482758, 0.024677667766809464, 0.031941041350364685, -0.012608609162271023, -0.02886243537068367, 0.0872654914855957, -0.021296542137861252, -0.05142105370759964, 0.011956465430557728, 0.05666558817028999, -0.0012905563926324248, -0.03045235387980938, -0.024102117866277695, -0.007358214817941189, -0.012829574756324291, 0.0493244007229805, 0.027489731088280678, 0.026303870603442192, -0.025449909269809723, 0.011447794735431671, -0.012522796168923378, 0.014073735103011131, -0.0844639390707016, 0.017803458496928215, 0.028920087963342667, 0.024704530835151672, 0.029664060100913048, 0.017627602443099022, -0.024978438392281532, -0.007760973181575537, 0.02105625532567501, -0.0043522268533706665, 0.031029846519231796, 0.0021325559355318546, 0.04832001402974129, -0.0575900599360466, -0.015905767679214478, -0.07133250683546066, 0.0737178772687912, 0.04120415821671486, 0.02834780514240265, 0.02190324291586876, -0.0011632356327027082, -0.03461386263370514, -0.02910410612821579, -0.013856451958417892, -0.045166462659835815, 0.005087146535515785, 0.02528931014239788, 0.0025817537680268288, 0.008842202834784985, -0.009157460182905197, -0.013306763023138046, 0.07209634780883789, 0.009879729710519314, 0.0103323794901371, 0.014688010327517986, -0.056582868099212646, 0.006153702270239592, 0.007800700142979622, -0.023903638124465942, 0.013301941566169262, -0.002301721600815654, 0.03482718765735626, 0.005347853992134333, 0.01151642668992281, 0.018228542059659958, 0.016460472717881203, 0.006588567979633808, 0.01105688326060772, 0.014168690890073776, -0.005413431208580732, -0.007514777593314648, -0.02345762401819229, -0.013479641638696194, 0.016400841996073723, 0.00833985861390829, -0.012797710485756397, 0.060346972197294235, 0.06083201989531517, 0.07289691269397736, 0.023012913763523102, 0.04045765846967697, 0.0024537735152989626, -0.035410087555646896, 0.018802151083946228, 0.047128304839134216, 0.04305415600538254, 0.026899024844169617, -0.02186269499361515, -0.0056534418836236, 0.024836691096425056, 0.012634999118745327, -0.0033422193955630064, -0.01878698542714119, 0.009529100731015205, -0.05097491294145584, -0.04839198663830757, -0.046136997640132904, -0.022715801373124123, 0.010883825831115246, 0.025456760078668594, -0.01949883997440338, 0.04036448150873184, -0.018668927252292633, 0.02942296490073204, -0.01005519274622202, -0.006486719939857721, 0.006424706894904375, 0.07366959750652313, -0.0383569672703743, 0.0010675700614228845, -0.026717159897089005, -0.014846758916974068, 0.05569801107048988, -0.041271284222602844, 0.06948988139629364, 0.012399506755173206, 0.018731094896793365, -0.014287207275629044, 0.03571077063679695, -0.02692289650440216, -0.0409286767244339, 0.05516967549920082, -0.05304520204663277, -0.009528988040983677, -0.011644123122096062, -0.03177174925804138, 0.07421133667230606, -0.05837656185030937, 0.014133408665657043, -0.01540293823927641, -0.02016562782227993, -0.022899741306900978, -0.029352549463510513, 0.003001179313287139, -0.01693776622414589, -0.013259011320769787, 0.006846818141639233, 0.026173193007707596, -0.05769198760390282, -0.10876459628343582, -0.0004905699752271175, -0.03702757507562637, -0.00224847299978137, 0.0006649337010458112, 0.027676140889525414, 0.02369401417672634, -0.0004937018966302276, -0.031227881088852882, -0.018334176391363144, 0.0070186154916882515, 0.030508555471897125, -0.051629070192575455, 0.022925781086087227, -0.03693898394703865, 0.006271740887314081, -0.004102661740034819, -0.015516440384089947, -0.029926685616374016, -0.02628142572939396, 0.029431628063321114, -0.04209887236356735, 0.0363769493997097, 0.020983930677175522, 0.0028766829054802656, -0.02115132100880146, -0.007981348782777786, -0.023106083273887634, 0.018248140811920166, 0.03615342080593109, -0.0027511795051395893, 0.006518413312733173, -0.1052592322230339, -0.019234877079725266, 0.023103313520550728, 0.018974266946315765, 0.02248404733836651, 0.0690217912197113, 0.03681156411767006, 0.03368222340941429, 0.0300714410841465, 0.07896833121776581, -0.013844705186784267, 0.02955881506204605, -0.011670034378767014, 0.013294676318764687, 0.010332038626074791, -0.013199334032833576, 0.01281821634620428, 0.033470671623945236, -0.021939316764473915, -0.07816606760025024, -0.008119948208332062, -0.004131987690925598, -0.017080457881093025, 0.009862426668405533, -0.02305709756910801, -0.014586451463401318, 0.05960235372185707, -0.0003895993286278099, 0.009116197936236858, -0.011329921893775463, -0.011241789907217026, -0.07971637696027756, -0.014680808410048485, -0.06068132445216179, -0.017043408006429672, 0.011017641052603722, -0.015588614158332348, 0.03171242028474808, 0.051365263760089874, -0.03459145501255989, 0.029809940606355667, -0.046895064413547516, 0.002615994308143854, 0.03657015040516853, -0.014079001732170582, 0.06863241642713547, 0.008814024738967419, 0.04370621219277382, -0.018962709233164787, 0.012275985442101955, 0.11221885681152344, -0.034741900861263275, -0.03738654777407646, -0.02458777464926243, 0.008197986520826817, 0.04959714412689209, 0.03854859992861748, -0.005789477843791246, 0.010922434739768505, -0.001082296366803348, 0.10020336508750916, -0.053960006684064865, 0.02799779176712036, -0.035665735602378845, -0.03850136324763298, 0.07812080532312393, 0.01606213115155697, 0.054814185947179794, -0.03493451327085495, 0.03307007625699043, 0.015400364063680172, -0.010283672250807285, -0.031978361308574677, -0.04831598699092865, -0.04393785819411278, 0.06054360046982765, 0.0332820862531662, -0.017152326181530952, -0.04444960504770279, -0.014837915077805519, -0.055802058428525925, -0.0017431932501494884, 0.06534501165151596, 0.008542569354176521, -0.037423934787511826, -0.01739717647433281, -0.031724777072668076, 0.009996449574828148, -0.03588022664189339, 0.04471074789762497, 0.002916415221989155, -0.07668563723564148, -0.028350859880447388, 0.007080623414367437, 0.06733907759189606, 0.03380512073636055, -0.013578887097537518, -0.06756391376256943, -0.007776651531457901, -0.019018646329641342, -0.04507198557257652, 0.007395145017653704, -0.04471593350172043, 0.03791984170675278, 0.007214343640953302, 0.06346885859966278, 0.10741767287254333, -0.03882937878370285, 0.01765388995409012, 0.028337771072983742, 0.00672783050686121, -0.048381906002759933, -0.02209126390516758, 0.04378930851817131, -0.03525896742939949, 0.020425843074917793, -0.004753305111080408, -0.002194850007072091, -0.008909099735319614, 0.035152651369571686, -0.02978011593222618, 0.09268601983785629, 0.00071985914837569, -0.004092048853635788, -0.024856701493263245, -0.03403417766094208, 0.008919117972254753, -0.009783732704818249, 0.023833472281694412, 0.0034277699887752533, 0.0037152355071157217, -0.06936164945363998, -0.0027695123571902514, 0.01578102819621563, 0.00398315628990531, -0.00279874075204134, 0.04984964057803154, -0.02636009082198143, -0.036427244544029236, 0.004674647469073534, -0.02257893793284893, 0.021699853241443634, -0.000792939041275531, -0.08151093870401382, -0.013548587448894978, -0.01875293254852295, 0.0021607147064059973, -0.07513802498579025, -0.022344518452882767, 0.006713043432682753, -0.010744785889983177, 0.020789073780179024, 0.05249224230647087, 0.03023705445230007, 0.021206580102443695, 0.012202084064483643, 0.035892926156520844, 0.004386080428957939, 0.01864788867533207, 0.037647392600774765, 0.06511442363262177, -0.006093210075050592, 0.03162934631109238, -6.85275884583755e-33, -0.012125647626817226, 0.00454056216403842, 0.015702614560723305, -0.020714562386274338, -0.05271320044994354, -0.03152892738580704, -0.04452713578939438, 0.005399540066719055, -0.04756154865026474, -0.03310467302799225, -0.008046821691095829, 0.04239487648010254, 0.018395520746707916, 0.01786200702190399, 0.05823904275894165, -0.027129100635647774, -0.02639886364340782, 0.02394365333020687, -0.004203280434012413, -0.006618862506002188, 0.027636954560875893, 0.0210616122931242, 0.010736064054071903, -0.008227753452956676, 0.034676194190979004, 0.04897043853998184, -0.04702651500701904, -0.036263562738895416, -0.060443393886089325, 0.012231925502419472, 0.009710275568068027, 0.007948540151119232, -0.008434470742940903, -0.0036017396487295628, 0.028888655826449394, -0.014480832032859325, 0.0007030612323433161, 0.007222941145300865, 0.01507363561540842, -0.016907889395952225, -0.03143659979104996, -0.029579399153590202, 0.05121864005923271, 0.031156416982412338, -0.023181645199656487, -0.04159587249159813, -0.037579406052827835, -0.04063967615365982, -0.0424877367913723, -0.06438612937927246, -0.048426009714603424, 0.04178544133901596, -0.014785331673920155, -0.011614792980253696, 0.005445470567792654, -0.06781183183193207, -0.017202915623784065, 0.01113956794142723, -0.05667462572455406, -0.002701982157304883, -0.00992461945861578, -0.018873613327741623, -0.0024381731636822224, -0.008946537971496582, -0.001548565924167633, -0.016884695738554, -0.023119164630770683, 0.015810651704669, -0.0450768768787384, -0.012707107700407505, -0.006874801591038704, 0.029148876667022705, -0.03587421402335167, 0.04115729779005051, 0.01609264500439167, -0.06394854187965393, -0.057619284838438034, 0.021088754758238792, 0.03360788896679878, 0.04985012486577034, 0.048259634524583817, -0.001889982377178967, -0.0366087481379509, -0.02421644888818264, 0.006207730155438185, -0.04601706564426422, -0.04644925519824028, 0.029562756419181824, 0.00879436545073986, -0.023109441623091698, 0.07980068027973175, 0.028574522584676743, -0.0118801174685359, 0.05569057911634445, 0.016060123220086098, -0.052762243896722794, 0.012020045891404152, 0.06439772993326187, 0.0034973183646798134, -0.007005881983786821, 0.0029462608508765697, -0.01142826583236456, 0.020882586017251015, 0.030526716262102127, 0.01735057681798935, -0.0028403722681105137, -0.00238007097505033, -0.02341284789144993, 0.010983537882566452, 0.013972827233374119, 0.030144697055220604, 0.013888462446630001, 0.01958318240940571, 0.01398384477943182, -0.026928255334496498, 0.01246672123670578, 0.020331230014562607, -9.949942614184693e-05, 0.015038623474538326, 0.054001085460186005, 0.051852449774742126, -0.009412764571607113, 0.00375691382214427, 0.015697039663791656, 0.010501032695174217, 0.02870214730501175, 0.06526599824428558, 0.026878127828240395, -0.05664178356528282, 0.025908442214131355, 0.06063369661569595, 0.023119155317544937, 2.8873935775663995e-07, -0.020188651978969574, -0.016225434839725494, 0.013725755736231804, -0.06752914190292358, -0.012587448582053185, 0.009034424088895321, 0.0032891961745917797, 0.008856019005179405, 0.1200709119439125, 0.0005179343861527741, 0.0353018157184124, -0.03511854261159897, 0.004658204969018698, -0.02925114892423153, 0.03510259836912155, 0.009962514974176884, -0.032657984644174576, -0.05813433974981308, -0.02777874656021595, 0.0010385630885139108, 0.027316324412822723, 0.044472914189100266, -0.014696641825139523, -0.04422822594642639, -0.02532995119690895, 0.007740058936178684, 0.013871622271835804, -0.017832139506936073, -0.015606017783284187, -0.044495031237602234, 0.06591901183128357, -0.027938561514019966, 0.018552111461758614, 0.01638706773519516, -0.023206155747175217, 0.025025011971592903, -0.03637918457388878, 0.015111429616808891, 0.0030048612970858812, 0.11976167559623718, -0.005196142476052046, -0.10056210309267044, 0.00966868456453085, -0.020802922546863556, 0.033276721835136414, 0.03498310223221779, -0.031113578006625175, 0.026956405490636826, -0.07555924355983734, 0.004233202431350946, 0.026347704231739044, 0.03752103075385094, -0.043351851403713226, -0.02368772216141224, -0.009058399125933647, -0.04402313753962517, -0.0017202754970639944, -0.0015838190447539091, 0.07052400708198547, 0.11391053348779678, -0.016863038763403893, 0.054118432104587555, -0.0012478608405217528, 0.008748134598135948, 0.032056715339422226, -0.02847176045179367, -0.006560757756233215, 2.743708507284839e-34, 0.01184147223830223, -0.0754895731806755, 0.07236085832118988, -0.012317498214542866, -0.03962012752890587, 0.014436841942369938, -0.0005625407211482525, -0.032758746296167374, -0.0014888098230585456, -0.07525452226400375, 0.025366120040416718]"
"ial judge is certain that there was a scuffle between the appellant and the Respondent, then the party who was worse off cannot succeed in an action against the other party simply because he was worse off in the scuffle.
His second ground of appeal is that the learned trial judge erred in granting special damages that had not specifically been endorsed on the writ of summons and had not been proved by the Respondent. Counsel’s argument is that in the law of tort, there is a distinction between general and special damages and that one of the distinctions is in the area of pleadings. He supported this submission with the Susque Lava case \[1926\] A.C. 665 where Lord Dunedin stated at page 661 as follows: “If there be any special damage which is attributable to the wrongful act that special damage must be averred it must be averred that such damage has been suffered but the quantification is a jury question.”
Though Counsel argued at length about the award of damages, both general and special, he finally conceded that if the court is inclined to affirm the judgment of the court below and to uphold the damages awarded, the Court must award only nominal damages in the absence of proof of consequential damages suffered by the Respondent.
The appellant therefore prays this Court to set aside the award made at the Court below and in its stead make a nominal award in favour of the Respon","{'booksReferredTo': [], 'caseId': {'number': 'H1/95/2004', 'type': None}, 'casesReferredTo': [], 'combinedCounsel': ['', ''], 'combinedParties': ['NAZIRE ABED v CHARLES LABA'], 'counsel': {'Plaintiff/Appellant': [], 'Defendant/Respondent': []}, 'court': {'location': {'city': 'ON THE TH DAY OF APRIL  BEFORE', 'country': 'GHANA'}, 'name': 'COURT OF APPEAL SITTING AT ACCRA'}, 'editorialNote': None, 'headNotes': None, 'indices': [], 'judgement': {'date': None, 'year': None, 'month': None, 'day': None}, 'judges': [], 'lawReportsCitations': [], 'mediaNeutralCitation': None, 'natureOfProceedings': None, 'partiesOfSuit': {'Plaintiff/Appellant': ['NAZIRE ABED'], 'Defendant/Respondent': ['CHARLES LABA']}, 'source': 'elibrary.jsg.gov.gh', 'sourceFile': '\\original_source_files\\Cases from 1993 - 2014\\2000\\COURT OF APPEAL\\NAZIRE ABED v CHARLES LABA.htm', 'statutesReferredTo': [], 'title': {'long': 'NAZIRE ABED v CHARLES LABA', 'short': 'NAZIRE ABED vs CHARLES LABA'}}","[0.0360548160970211, -0.04785226657986641, 0.04449821636080742, 0.0058540720492601395, -0.04271230474114418, 0.035516731441020966, -0.00982214417308569, 0.028270481154322624, -0.017549952492117882, -0.04334687441587448, 0.002802820410579443, 0.03759398311376572, 0.016532642766833305, -0.08435265719890594, 0.04676078259944916, -0.019715197384357452, 0.004487037658691406, 0.03119942918419838, 0.048207446932792664, 0.010240917094051838, 0.009367899037897587, -0.016629492864012718, -0.017669718712568283, 0.015153022482991219, -0.00870733242481947, 0.013869197107851505, 0.03460843861103058, 0.008000148460268974, -0.050795819610357285, -0.011208842508494854, -0.021443773061037064, 0.024292193353176117, 0.014326067641377449, -0.03145412728190422, 1.9952076399931684e-06, -0.03178660199046135, 0.009814489632844925, -0.029029982164502144, 0.0032778007443994284, 0.048130135983228683, -0.055601999163627625, 0.053800057619810104, -0.006031883880496025, 0.039705634117126465, -0.01398961991071701, 0.000947237596847117, -0.030460765585303307, 0.038204509764909744, 0.011040225625038147, 0.06857255846261978, 0.004851461388170719, -0.03601891174912453, -0.024741193279623985, -0.007174789439886808, 0.08576589822769165, -0.02201388031244278, -0.015939023345708847, 0.005862134974449873, 0.04324069991707802, -0.06624475121498108, 0.06588003784418106, -0.010840063914656639, 0.00035342498449608684, 0.01207302138209343, -0.10132401436567307, -0.030647199600934982, -0.05174421891570091, 0.042160049080848694, 0.023048829287290573, -0.019465066492557526, 0.09850764274597168, 0.029517054557800293, -0.02845994383096695, 0.047231052070856094, 0.05193687602877617, -0.00025874492712318897, 0.06218411400914192, 0.011058767326176167, -0.011470931582152843, -0.014281103387475014, 0.02607119455933571, 0.08665461838245392, -0.047784771770238876, 0.020369090139865875, -0.05506537854671478, -0.03903079777956009, 0.003007883206009865, 0.02723446674644947, -0.004090876318514347, 0.031848493963479996, 0.09192738682031631, -0.042178861796855927, 0.015246724709868431, 0.01966848038136959, 0.013888580724596977, -0.0010003154166042805, 0.011375180445611477, -0.025762896984815598, 0.058016639202833176, -0.10042711347341537, 0.035136595368385315, 0.008831586688756943, -0.0633452981710434, -0.018440384417772293, 0.0037100492045283318, 0.015136942267417908, -0.07261430472135544, 0.05294765904545784, 0.007813354954123497, 0.05719023197889328, 0.0116901695728302, -0.014873187057673931, -0.028123043477535248, 0.005468475166708231, -0.07746518403291702, 0.066824771463871, 0.057792555540800095, -0.04593004286289215, 0.03331337124109268, -0.016008086502552032, -0.026366619393229485, 0.005045875441282988, -0.04701486602425575, 0.0006321161636151373, -0.0412563681602478, -0.07160963118076324, -0.04542695730924606, 0.023966917768120766, 0.009086819365620613, -0.035553596913814545, -0.0015622240025550127, 0.01922581158578396, -0.018530016764998436, -0.008073054254055023, -0.004947179462760687, 0.10850054770708084, -0.04275478795170784, -0.025274833664298058, -0.032234206795692444, -0.004546025767922401, -0.024527840316295624, -0.027230313047766685, -0.05887150391936302, -0.013249494135379791, -0.027129914611577988, 0.0036281219217926264, -0.0016909713158383965, -0.04012729972600937, 0.007977497763931751, -0.0038678855635225773, -0.009571953676640987, -0.03989589959383011, -0.03828539699316025, -0.03131374344229698, 0.0031536801252514124, 0.02884482592344284, -0.005140479188412428, -0.0772601068019867, 0.013298258185386658, -0.017949765548110008, 0.013633719645440578, -0.004295763559639454, 0.07110412418842316, -0.017540007829666138, -0.0107565987855196, 0.03483584150671959, 0.0034929257817566395, 0.017927931621670723, -0.060079846531152725, 0.011022006161510944, 0.029902039095759392, 0.04709658771753311, -0.023379843682050705, 0.019888581708073616, -0.015112185850739479, -0.03475581109523773, -0.05818694457411766, 0.027995578944683075, -0.028924494981765747, -0.023811902850866318, 0.03637521341443062, 0.040545910596847534, -0.05175084248185158, -0.03881355747580528, -0.023762941360473633, 0.023074166849255562, 0.030487794429063797, -0.037520911544561386, -0.031033184379339218, -0.020231373608112335, -0.010552055202424526, 0.03195976838469505, -0.017496587708592415, 0.02576739713549614, 0.016321031376719475, 0.043647345155477524, 0.03314221650362015, -0.027337633073329926, 0.03205571696162224, 0.019383613020181656, 0.006290338467806578, -0.00450575677677989, 0.019804030656814575, -0.041270267218351364, -0.007660521660000086, 0.049683116376399994, 0.015154494903981686, -0.0033859130926430225, -0.04826297238469124, 0.019254913553595543, -0.001950233243405819, 0.023749442771077156, 0.020069699734449387, 0.0055062961764633656, -0.031047960743308067, -0.014703609049320221, 0.00294291228055954, -0.0015735335182398558, -0.08449024707078934, -0.009484520182013512, -0.012640093453228474, -0.02551792375743389, -0.02322571352124214, -0.027629747986793518, 0.029020847752690315, -0.07688172906637192, -0.08025020360946655, -0.017993837594985962, 0.00635193195194006, -0.01718739978969097, -0.005244553089141846, -0.040013015270233154, 0.0007644029683433473, 0.009817431680858135, 0.03810944780707359, 0.015256552956998348, 0.0008218415314331651, 0.0449882335960865, -0.008859395049512386, -0.04957214370369911, 0.012265071272850037, -0.08958673477172852, -0.022886017337441444, -0.0017846383852884173, -0.04105833172798157, -0.0162273570895195, 0.006550975143909454, -0.00877356342971325, -0.05826285108923912, 0.02226797677576542, -0.033473897725343704, -0.005296863149851561, -0.006355165038257837, 0.04485366493463516, -0.05818651244044304, -0.022289510816335678, -0.07413245737552643, 0.011254939250648022, -0.013647758401930332, -0.044839709997177124, -0.024162914603948593, 0.0006519744056276977, -0.008234074339270592, -0.020865952596068382, 0.0001855458103818819, -0.04069671034812927, 0.0033119393046945333, 0.042568814009428024, -0.02415549010038376, -0.004032609984278679, -0.030549779534339905, -0.031558241695165634, 0.07140602171421051, -0.01053321547806263, -0.0028536063618957996, 0.008199713192880154, -0.05323895439505577, 0.01984034851193428, -0.006987356580793858, 0.005125789437443018, -0.015892481431365013, 0.04986516013741493, -0.006298546679317951, 0.004606757313013077, 0.015141976065933704, 0.007746959570795298, -0.0003385976597201079, -0.03314680978655815, -0.007777154445648193, 0.06783736497163773, 0.021217377856373787, -0.010385640896856785, -0.012430258095264435, -0.0626465305685997, -0.023507552221417427, 0.022723019123077393, -0.059899937361478806, 0.017203697934746742, 0.07570990920066833, 0.03594619780778885, -0.025325510650873184, -0.0009257697383873165, -0.03879065066576004, 0.01731189899146557, 0.009645850397646427, 0.018902983516454697, -0.026936963200569153, 0.012108132243156433, -0.051214348524808884, -0.0011425664415583014, -0.0015275956830009818, -0.006326982285827398, 0.026962848380208015, 0.007960626855492592, 0.01459837518632412, -0.052200235426425934, 0.0109823327511549, -0.03284003213047981, 0.012251411564648151, 0.013607636094093323, 0.03333025798201561, -0.05459333211183548, -0.01757921651005745, 0.030088189989328384, 0.008992437273263931, -0.08018622547388077, 0.02023906074464321, 0.0026813719887286425, 0.08977178484201431, -0.027869276702404022, -0.012600858695805073, -0.01242839265614748, -0.03131166845560074, 0.054613057523965836, -0.04537452757358551, 0.012242895551025867, 0.0015320030506700277, 0.04722068831324577, 0.02504625730216503, 0.06755327433347702, -0.033551175147295, -0.02268281765282154, 0.03409692645072937, -0.01956448145210743, 0.014722448773682117, 0.007697399239987135, -0.08706879615783691, 0.0346333272755146, -0.03009800612926483, -0.0032092330511659384, -0.028335008770227432, -0.019173048436641693, 0.013747288845479488, -0.0015276400372385979, -0.011954987421631813, -0.02240394614636898, -0.03636883944272995, 0.049299206584692, 0.029675869271159172, -0.02338327281177044, -0.060485705733299255, -0.010563566349446774, 0.027922913432121277, -0.01094626821577549, 0.04089295119047165, 0.02819768153131008, 0.022921139374375343, -0.016411446034908295, 0.004985244479030371, -0.014638843946158886, 0.017682325094938278, 0.06526214629411697, -0.04100976139307022, 0.03141326829791069, -0.054975476115942, -0.017321841791272163, -0.007910920307040215, 0.010084670968353748, -0.021068813279271126, 0.01908029429614544, 0.02084161341190338, -0.04499892145395279, 0.05987162888050079, 0.005481433123350143, -0.021542703732848167, 0.004162974655628204, 0.00826390739530325, 0.009933841414749622, 0.02070077694952488, 0.059290725737810135, 0.029902596026659012, 0.007078645750880241, -0.03961527720093727, 0.028654664754867554, 0.015550417825579643, 0.04413303732872009, 0.0145209776237607, 0.03993198648095131, -0.005188746843487024, 0.03911740332841873, 0.018053309991955757, 0.08919650316238403, 0.029423248022794724, -0.011481424793601036, -0.016756301745772362, 0.0036983948666602373, -0.0715608075261116, -0.013673617504537106, 0.009816121309995651, 0.05883156508207321, -0.017127925530076027, -0.041482776403427124, -0.04231075569987297, 0.01866782456636429, 0.0010473369620740414, 0.05077376589179039, -0.0013881579507142305, -0.03639907389879227, -0.014631068333983421, 0.035549845546483994, 0.017320051789283752, 0.019423533231019974, -0.032695576548576355, -0.06410038471221924, -0.005556638818234205, -0.028145693242549896, -0.03474825248122215, 0.02316148206591606, -0.020299948751926422, 0.015437661670148373, 0.06261136382818222, -0.05222545191645622, -0.020083066076040268, -0.007415852043777704, 0.017234519124031067, 0.01142434123903513, 0.025011032819747925, 0.04492673650383949, 0.0234382264316082, 0.01170196384191513, 0.016451271250844002, -0.028886185958981514, 0.1571330428123474, 0.010925207287073135, -0.024144155904650688, -0.05251220613718033, 0.005642551928758621, 0.036732517182826996, 0.03473035246133804, -0.016101546585559845, -0.039136819541454315, -0.01564372330904007, 0.04577440768480301, -0.014462891966104507, 0.002126778708770871, -0.009781341068446636, -0.10094958543777466, 0.06395433843135834, -0.02519829384982586, 0.02471546269953251, 0.017049990594387054, 0.044493407011032104, -0.01863504946231842, -0.05883028730750084, -0.032792989164590836, 0.006779560819268227, -0.058882229030132294, 0.03244994953274727, 0.014573587104678154, 0.007458430249243975, -0.10213922709226608, -0.0290804635733366, -0.028713824227452278, 0.02092091552913189, 0.054707273840904236, 0.0027262421790510416, 0.031631845980882645, 0.019478192552924156, -0.016414456069469452, 0.025064224377274513, -0.0142278503626585, 0.0359877273440361, 0.029646292328834534, -0.044785503298044205, 0.013862364925444126, -0.021529192104935646, 0.044489264488220215, 0.005854696035385132, -0.01705908589065075, -0.04175246134400368, -0.03306344151496887, 0.029958451166749, -0.022604836151003838, -0.025454683229327202, -0.04215937852859497, 0.068222776055336, 0.02979605458676815, 0.05897042155265808, 0.09197600185871124, -0.0766805112361908, 0.011552599258720875, 0.013255232945084572, 0.02203403227031231, 0.016741527244448662, -0.00032009504502639174, 0.05620352923870087, -0.044960204511880875, -0.0018831320339813828, 0.001609150436706841, 0.016416827216744423, -0.015364243648946285, -0.012157236225903034, -0.018138444051146507, 0.013119799084961414, 0.015463141724467278, -0.006555564701557159, -0.017836622893810272, -0.023611687123775482, -0.019118255004286766, 0.046713702380657196, 0.026649536564946175, -0.025551391765475273, -0.012783990241587162, -0.03776077926158905, 0.010931196622550488, 0.019305715337395668, -0.011707822792232037, 0.010946005582809448, -0.00362439570017159, -0.03887249529361725, -0.02005518600344658, -0.005198849365115166, -0.035067539662122726, 0.02520361915230751, 0.025306448340415955, -0.09179319441318512, -0.02826601080596447, -0.03008740022778511, 0.031937845051288605, -0.11199412494897842, -0.019271349534392357, 0.0024907835759222507, -0.041260018944740295, -0.003283311380073428, 0.06569091975688934, 0.011270719580352306, 0.003234725445508957, 0.021715374663472176, 0.05064735934138298, 0.03613889217376709, 0.009394561871886253, 0.06320888549089432, 0.06532512605190277, 0.02025333046913147, 0.021211180835962296, -6.28674729565708e-33, 0.004844408482313156, -0.00917684193700552, 0.0427035354077816, 0.04523056373000145, -0.022268017753958702, 0.014358476735651493, -0.03032395988702774, -0.01755441352725029, -0.01354204397648573, -0.02208351343870163, 0.013404415920376778, 0.030522581189870834, 0.01786283403635025, -0.0009018993005156517, 0.019597603008151054, -0.06238216906785965, -0.013294359669089317, 0.0788697600364685, -0.01202058233320713, -0.011343280784785748, -0.01795664057135582, -0.025059713050723076, 0.061614956706762314, -0.028839945793151855, 0.023624753579497337, 0.06369484215974808, 0.009582710452377796, -0.07711586356163025, -0.07072535157203674, -0.0008742256904952228, 0.03437798470258713, -0.020264552906155586, -0.0027611374389380217, 0.03650166839361191, 0.022899219766259193, -0.005921896547079086, -0.02529154345393181, -0.020871182903647423, 0.02324393391609192, -0.035349275916814804, -0.019864186644554138, -0.017092319205403328, -0.026423590257763863, 0.024641811847686768, -0.05385642498731613, -0.06658325344324112, -0.013961614109575748, 0.03571826219558716, -0.02136899344623089, -0.05161748826503754, -0.0506637841463089, 0.049797799438238144, -0.019812269136309624, 0.007155814673751593, -0.011167547665536404, -0.04152437672019005, -0.0008589497301727533, 0.04166719689965248, -0.033196043223142624, 0.01267924252897501, -0.08593161404132843, -0.047881659120321274, 0.008649985305964947, -0.04253451153635979, -0.04663396626710892, -0.00895634200423956, 0.012438513338565826, 0.04688597843050957, -0.0074613639153540134, 0.004742513410747051, -0.014572273939847946, 0.03794654458761215, -0.02542429231107235, 0.01994965597987175, 0.02469656430184841, -0.026821784675121307, -0.022149065509438515, 0.005775246769189835, 0.06646328419446945, 0.025599265471100807, 0.012592439539730549, 0.02788706123828888, -0.03283853828907013, -0.016712570562958717, -0.03202559053897858, -0.05414021015167236, -0.029927780851721764, 0.035510554909706116, -0.011656469665467739, -0.010276613757014275, 0.11517049372196198, -0.012416085228323936, -0.01795966736972332, 0.09866377711296082, 0.02738714963197708, -0.06490684300661087, 0.06687881052494049, 0.028333136811852455, -0.03906754404306412, 0.007248776499181986, 0.049553219228982925, -0.03394467756152153, -0.003666508011519909, 0.025854812934994698, 0.024581409990787506, -0.010332781821489334, 0.0010688640177249908, -0.020741203799843788, 0.03783566504716873, -0.012803389690816402, 0.05747156962752342, -0.010216083377599716, 0.0067022452130913734, -0.025678711012005806, 0.027131641283631325, 0.05109374597668648, 0.028060106560587883, 0.016939105466008186, 0.009712300263345242, 0.0021959340665489435, 0.013453526422381401, -0.008549018763005733, 0.004040615167468786, -0.005828088149428368, 0.022025639191269875, 0.021102704107761383, 0.07429009675979614, 0.009312084876000881, -0.04536411538720131, 0.010384966619312763, 0.035949815064668655, 0.020814722403883934, 2.8061171519766503e-07, 0.020545313134789467, 0.01893923059105873, 0.02708742395043373, -0.03621051460504532, -0.00457249628379941, 0.02567180246114731, 0.009289947338402271, 0.017971502617001534, 0.12811069190502167, 0.04591720551252365, 0.03023696318268776, -0.030526677146553993, 0.008105992339551449, -0.00862420629709959, -0.02116996794939041, -0.004745375365018845, -0.02479925937950611, -0.027040086686611176, 0.009917197749018669, 0.011517337523400784, 0.03468247875571251, -0.00022591889137402177, 0.0027459755074232817, -0.007918814197182655, -0.01426426786929369, -0.004853236488997936, -0.018258733674883842, -0.043955616652965546, 0.013366006314754486, 0.00358031690120697, 0.060056112706661224, -0.030283425003290176, 0.057157840579748154, 0.01792561076581478, -0.012971896678209305, -0.001666921190917492, -0.018955964595079422, -0.013226304203271866, -0.0010920175118371844, 0.06093538925051689, -0.04240080714225769, -0.07625631988048553, 0.06969964504241943, -0.032587241381406784, -0.061276815831661224, 0.062320198863744736, -0.04155883193016052, 0.05677356570959091, -0.06571448594331741, 0.0034926333464682102, 0.008814808912575245, 0.045218151062726974, -0.04555539786815643, -0.003819319885224104, 0.002332576783373952, 0.011756137013435364, -0.0025886106304824352, -0.035585980862379074, -0.0034194679465144873, 0.07532903552055359, 0.012808814644813538, 0.07297563552856445, 0.0061519574373960495, 0.005682696588337421, 0.050716519355773926, -0.03414791077375412, -0.02756255865097046, 2.1737645611588836e-34, -0.004784764721989632, -0.05935103818774223, 0.04095042496919632, 0.02574605867266655, -0.027441788464784622, -0.021238453686237335, -0.007795820944011211, -0.020211318507790565, 0.007207412738353014, -0.043940238654613495, 0.027354637160897255]"
"dent.
The facts of this case are that on the night of 22nd May 1998 at about 1.00 a.m., the Appellant and the Respondent who were then at the Fusion Night Club, Osu were involved in a scuffle. How did the scuffle start? According to the Respondent, he was seated at a table in the night club with some friends since that date happened to be his 24th birthday and they were celebrating same, when without any provocation from Respondent the Appellant approached their table and asked him to choose a leg to be broken whilst insulting him and his family. Respondent had then returned from France where he had just had a knee surgery from which he was still recovering and he was therefore using crutches. The Appellant then slapped the Respondent and he was about to “punch” the operated knee when the Respondent held his (Appellant’s) wrist.
From the foregoing account which was amply supported by the PW1 (Ali Kwame Maoux) whose evidence-in-chief was to the effect that he saw the Appellant attack the Respondent who was then seated on a bench without any provocation from the latter. This piece of evidence was not discredited under cross-examination nor was any other evidence led through another defence witness to contradict same.
Thus it stands on the records that a battery or “an unwanted physical contact of his person which constitutes the tort of battery” took place on the Respondent on the","{'booksReferredTo': [], 'caseId': {'number': 'H1/95/2004', 'type': None}, 'casesReferredTo': [], 'combinedCounsel': ['', ''], 'combinedParties': ['NAZIRE ABED v CHARLES LABA'], 'counsel': {'Plaintiff/Appellant': [], 'Defendant/Respondent': []}, 'court': {'location': {'city': 'ON THE TH DAY OF APRIL  BEFORE', 'country': 'GHANA'}, 'name': 'COURT OF APPEAL SITTING AT ACCRA'}, 'editorialNote': None, 'headNotes': None, 'indices': [], 'judgement': {'date': None, 'year': None, 'month': None, 'day': None}, 'judges': [], 'lawReportsCitations': [], 'mediaNeutralCitation': None, 'natureOfProceedings': None, 'partiesOfSuit': {'Plaintiff/Appellant': ['NAZIRE ABED'], 'Defendant/Respondent': ['CHARLES LABA']}, 'source': 'elibrary.jsg.gov.gh', 'sourceFile': '\\original_source_files\\Cases from 1993 - 2014\\2000\\COURT OF APPEAL\\NAZIRE ABED v CHARLES LABA.htm', 'statutesReferredTo': [], 'title': {'long': 'NAZIRE ABED v CHARLES LABA', 'short': 'NAZIRE ABED vs CHARLES LABA'}}","[0.052834365516901016, -0.05649759620428085, 0.016723450273275375, 0.00036436968366615474, -0.02614516206085682, 0.0498800165951252, 0.015298076905310154, -0.006909072399139404, -0.028139350935816765, -0.001852051354944706, 0.01966450735926628, -0.05659588798880577, 0.07488199323415756, -0.0676245167851448, 0.0537085197865963, 0.03414217010140419, 0.02792465128004551, 0.02100389637053013, 0.056111399084329605, 0.010366646572947502, 0.0034406993072479963, 0.024023963138461113, -0.03843270614743233, 0.025298479944467545, -0.07781403511762619, 0.03678542748093605, -0.01799704134464264, 0.0009234261233359575, -0.025374336168169975, -0.003872034838423133, -0.014530300162732601, 0.03976486623287201, 0.00233468902297318, -0.047654081135988235, 1.9557926407287596e-06, -0.0387103334069252, 0.018980223685503006, -0.04867318272590637, -0.03487526997923851, 0.025871550664305687, -0.017525648698210716, -0.011336051858961582, -0.04559138044714928, 0.026595251634716988, -0.012172437272965908, 0.00870336964726448, -0.013219088315963745, 0.05000273138284683, 0.006494149100035429, 0.06665252894163132, 0.009769844822585583, -0.044498369097709656, -0.027473410591483116, -0.03929522633552551, 0.024365898221731186, 0.03966497257351875, -0.025368807837367058, 0.009728861972689629, 0.0029088694136589766, -0.07011014968156815, 0.055649057030677795, -0.06170038506388664, -0.020019695162773132, 0.0034544121008366346, -0.08059746026992798, -0.014825263060629368, -0.04264358431100845, -0.001469428651034832, 0.0320107601583004, -0.010257754474878311, 0.04005631431937218, -0.027314232662320137, -0.04098951816558838, 0.02738918364048004, 0.0485415980219841, -0.014020964503288269, 0.04586673527956009, 0.06803929060697556, -0.022736912593245506, 0.004900369793176651, 0.023532763123512268, 0.07629106193780899, -0.03327244147658348, 0.018306266516447067, -0.07745634764432907, -0.03548014909029007, -0.0057191806845366955, 0.006805133074522018, 0.01934671215713024, 0.03355873376131058, 0.06008974835276604, -0.02239217795431614, -0.030828597024083138, 0.0018916315166279674, -0.016013221815228462, -0.02187648043036461, -0.02088744565844536, -0.03495480492711067, 0.0712779238820076, -0.1066373810172081, -0.055018357932567596, 0.006359894294291735, -0.007601061835885048, 0.015158282592892647, -0.02551649697124958, 0.008804868906736374, -0.08976325392723083, -0.009359417483210564, -0.0026852271985262632, 0.02557358704507351, -0.011827758513391018, -0.01163281686604023, 0.009639427997171879, -0.01493551954627037, -0.06982609629631042, 0.03980249539017677, 0.03677595779299736, -0.010011112317442894, 0.02278490923345089, -0.011378452181816101, -0.01795634999871254, 0.01460111141204834, -0.03973767161369324, 0.0023009758442640305, 0.014940288849174976, -0.06358133256435394, -0.01149258017539978, 0.004393505398184061, -0.013499951921403408, -0.03768860176205635, -0.02147963084280491, 0.0028644816484302282, -0.010187006555497646, 0.003163649933412671, 0.0022657313384115696, 0.08069618791341782, -0.05108065903186798, -0.010814907029271126, -0.07707742601633072, -0.03917102515697479, -0.031731441617012024, -0.0018450896022841334, -0.02347569726407528, -0.008173116482794285, -0.011201512068510056, -0.018520046025514603, 0.0012944369809702039, -0.026468174532055855, 0.011345231905579567, -0.006740550510585308, 0.004821888171136379, -0.016342006623744965, -0.0057020909152925014, -0.019560441374778748, 0.011346899904310703, 0.02360382303595543, 0.04004434868693352, -0.04991357401013374, 0.01139786560088396, -0.025019332766532898, -0.012311335653066635, 0.023221073672175407, -0.02286505699157715, 0.0005527330795302987, 0.010907222516834736, 0.004343849606812, 0.034012261778116226, 0.01275726594030857, -0.0027750441804528236, 0.006506745237857103, -0.0006408798508346081, 0.040500618517398834, -0.0015372204361483455, 0.02374294213950634, -0.04321463406085968, 0.0021444831509143114, -0.04986204579472542, 0.022702490910887718, -0.04439159110188484, -0.03289526328444481, -0.01973685435950756, 0.015344117768108845, 0.01465402077883482, -0.06067468971014023, -0.024947717785835266, -0.012534702196717262, 0.04717482626438141, 0.03083444945514202, -0.02415398508310318, 0.01962093636393547, 0.020983071997761726, 0.00902794674038887, 0.001015107030980289, -0.01269636768847704, -0.009905559942126274, 0.018479272723197937, 0.0045057074166834354, 0.015262719243764877, 0.060209013521671295, -0.02211529202759266, 0.0069336555898189545, -0.03651385381817818, 0.029118536040186882, -0.05420796200633049, -0.03543173894286156, 0.07423108071088791, -0.008415283635258675, -0.025653881952166557, -0.037109822034835815, 0.02140793576836586, -0.0029964768327772617, -0.014954528771340847, 0.0260371882468462, 0.04661546275019646, 6.219386705197394e-05, -0.016482340171933174, -0.018551962450146675, 0.028891587629914284, -0.060197170823812485, 0.06473343819379807, 0.02207176759839058, 0.02062411792576313, 0.004799497779458761, -0.026513313874602318, 0.06587474793195724, -0.03829384595155716, -0.037197649478912354, 0.008273843675851822, 0.05875476077198982, 0.034399375319480896, -0.02301621250808239, -0.04319068416953087, -0.0035185294691473246, -0.019427809864282608, 0.062091581523418427, 0.04019797965884209, -0.01139135379344225, -0.04922499135136604, 0.021700231358408928, 0.0014236426213756204, 0.013605598360300064, -0.08964264392852783, 0.014233035035431385, -0.0007692758226767182, -0.015425794757902622, 0.0262472964823246, 0.04294732213020325, -0.04335043951869011, -0.07360059022903442, 0.015277564525604248, -0.015588114969432354, 0.027598531916737556, 0.008634467609226704, 0.0723554790019989, -0.059930793941020966, 0.005000169388949871, -0.009417224675416946, 0.07876686006784439, 0.029624784365296364, 0.004453710280358791, 0.0026253052055835724, -0.020042072981595993, -0.02739960141479969, -0.03596897050738335, -0.008499989286065102, -0.04145094379782677, 0.034101832658052444, -0.04642432928085327, -0.006866944953799248, -0.010135230608284473, -0.01827075146138668, 0.0039893863722682, 0.05554387345910072, -0.00690430635586381, -0.0007362387841567397, 0.01071259006857872, -0.08884865790605545, 0.018684979528188705, 0.010311759077012539, -0.03131736069917679, -0.005897441878914833, 0.05814499408006668, 0.016822123900055885, 0.009856832213699818, 0.005094945430755615, 0.0037177754566073418, 0.006213146261870861, -0.08568812906742096, 0.03098418191075325, 0.014905611984431744, 0.008297949098050594, -0.023676849901676178, -0.03981539234519005, -0.017248043790459633, 0.009335007518529892, -0.009043347090482712, 0.02031903900206089, 0.04393651336431503, 0.05598513409495354, 0.07819584757089615, 0.011163610965013504, 0.012112567201256752, 0.029657570645213127, -0.022001519799232483, 0.028572989627718925, 0.0678296834230423, 0.0501287467777729, 0.036656226962804794, -0.02788141928613186, -0.027312146499753, 0.030811185017228127, 0.02447238564491272, 0.009807989932596684, -0.055754661560058594, -0.015615063719451427, -0.05715092644095421, -0.026541786268353462, -0.0329790860414505, -0.012292921543121338, 0.0054360367357730865, 0.037680596113204956, -0.004515329375863075, 0.05237768217921257, -0.007658686023205519, 0.02373422309756279, 0.024118224158883095, -0.011266423389315605, 0.015958525240421295, 0.09770006686449051, 0.0035594613291323185, 0.01255347765982151, -0.0111430324614048, -0.03116030804812908, 0.03716835752129555, 0.0029026472475379705, 0.08191017806529999, 0.021826932206749916, -0.017548048868775368, -0.0018146524671465158, 0.04040859267115593, -0.059983015060424805, -0.02918715961277485, 0.030073381960392, -0.07789548486471176, -0.002534475177526474, 0.020585928112268448, -0.10463324189186096, 0.048846784979104996, 0.000630388327408582, -0.008561425842344761, -0.04647941514849663, -0.014219410717487335, -0.018108075484633446, 0.009250964038074017, 0.01209755428135395, -0.012649258598685265, -0.028529556468129158, 0.024651886895298958, 0.03741276636719704, -0.027239855378866196, -0.07069844007492065, 0.026754463091492653, -0.02327394299209118, 0.00529359420761466, 0.025171536952257156, 0.017121383920311928, -0.009987528435885906, -0.02243836782872677, -0.02972676046192646, -0.018008185550570488, 0.0037569610867649317, 0.03535928949713707, -0.04614631086587906, 0.04903615266084671, -0.016878357157111168, -0.024502655491232872, 0.006681280676275492, -0.0022499822080135345, -0.03571784123778343, -0.021587256342172623, 0.019870487973093987, -0.06939318776130676, 0.04661843553185463, 0.015712222084403038, 0.008690993301570415, -0.013420108705759048, 0.016195712611079216, -0.01076867338269949, 0.015584377571940422, 0.07002733647823334, 0.017842020839452744, 0.02935325726866722, -0.025185534730553627, 0.008014990016818047, 0.011570342816412449, 0.05156448855996132, 0.0242161825299263, 0.05161421746015549, 0.03492869436740875, 0.05105054751038551, -0.002265444491058588, 0.09013450145721436, 0.0068690720945596695, -0.0011564968153834343, 0.032398756593465805, 0.011308960616588593, 0.0021404733415693045, -0.04669895023107529, 0.006418114062398672, 0.06544134765863419, -0.0017412396846339107, -0.025641009211540222, -0.004259862471371889, -0.02196788415312767, -0.04053376242518425, 0.004256488289684057, -0.024754740297794342, -0.018391212448477745, 0.04309389367699623, 0.011225850321352482, -0.036011699587106705, 0.0140320910140872, -0.006802696269005537, -0.0641135722398758, 0.041318438947200775, -0.009609736502170563, -0.05787587910890579, 0.023095307871699333, -0.04164692386984825, 0.04129916802048683, 0.06989622861146927, -0.02527690678834915, 0.010674883611500263, -0.03710588440299034, 0.03676283359527588, 0.029149318113923073, 0.00669611943885684, 0.07403826713562012, 0.011218509636819363, 0.014382471330463886, -0.008573643863201141, 0.04528965428471565, 0.10417039692401886, 0.014843368902802467, -0.003086774842813611, -0.06030906364321709, -0.032899390906095505, -0.021985691040754318, 0.006609834264963865, -0.0036671648267656565, 0.01387693453580141, 0.00837493222206831, 0.09739671647548676, -0.045574337244033813, 0.018405962735414505, -0.01610739342868328, -0.10119319707155228, 0.05998721718788147, -0.013729501515626907, 0.07102186977863312, -0.01887400820851326, 0.030298998579382896, 0.006005363538861275, -0.014811946079134941, -0.06589094549417496, -0.04105230048298836, -0.01779494620859623, 0.035676151514053345, 0.016793718561530113, -0.0008106054156087339, -0.04826667904853821, -0.01657433621585369, -0.04973997920751572, 0.02119768038392067, 0.046943359076976776, 0.0022839312441647053, -0.03061591275036335, 0.021317508071660995, -0.02583700604736805, 0.005465468857437372, 0.006133425049483776, 0.05621768906712532, -0.009588925167918205, -0.07124653458595276, -0.02442162111401558, 0.0006129152025096118, 0.08588666468858719, 0.00884204264730215, -0.01114912610501051, -0.05061197280883789, -0.004569728393107653, 0.010078150779008865, -0.013327149674296379, -0.04349811375141144, -0.028027378022670746, 0.04654354974627495, -0.06048009917140007, 0.043414801359176636, 0.09678421914577484, -0.05523804575204849, 0.004325866233557463, 0.018864283338189125, 0.0020534158684313297, -0.04958748817443848, -0.002943756990134716, 0.03513467311859131, -0.04389432817697525, 0.04197218641638756, -0.0011352879228070378, -0.015290291979908943, -0.009948127903044224, 0.031697891652584076, -0.0051404754631221294, 0.05466712638735771, 0.01763174869120121, 0.006328771356493235, -0.034407369792461395, -0.037925612181425095, 0.0023089488968253136, 0.018728939816355705, 0.04120803251862526, 0.00624665105715394, 0.008351263590157032, -0.0866519883275032, -0.030940229073166847, 0.037801001220941544, 0.015521653927862644, -0.009304673410952091, 0.08239167928695679, -0.006988545414060354, -0.04683817923069, -0.01189084816724062, 0.005536895710974932, 0.03423851728439331, -0.007011392619460821, -0.06825843453407288, -0.038590461015701294, -0.009043117985129356, -0.0007256050012074411, -0.06880839169025421, -0.03345853462815285, 0.003394403727725148, -0.045553069561719894, 0.017583979293704033, 0.03281521797180176, 0.047432299703359604, 0.013960480690002441, -0.021233610808849335, 0.03181655332446098, 0.02649465575814247, 0.03425612673163414, 0.07755987346172333, 0.06729107350111008, 0.009737216867506504, 0.05340474843978882, -6.081226802095188e-33, -0.00024119860609062016, -0.024714281782507896, -0.0022327948827296495, 0.0002518079418223351, -0.06283193081617355, -0.021734632551670074, -0.03924939036369324, 0.00963065680116415, -0.025030741468071938, -0.04114382714033127, 0.011832107789814472, 0.056693755090236664, 0.023653866723179817, 0.002982685575261712, 0.03623989224433899, -0.028171760961413383, -0.021192261949181557, 0.05167517438530922, -0.015302632004022598, -0.011403484269976616, 0.01437876746058464, 0.01005738414824009, 0.003436048049479723, 0.016495607793331146, 0.04594012349843979, 0.019008202478289604, -0.0426521860063076, -0.030923739075660706, -0.07889343798160553, 0.020273039117455482, 0.0055312211625278, -0.03590400516986847, 0.01424531638622284, 0.02523462474346161, 0.033995140343904495, 0.022390201687812805, -0.013173148967325687, -0.02360077016055584, -0.002807444892823696, -0.030899476259946823, -0.015565212815999985, -0.0071055954322218895, 0.015242763794958591, 0.013340722769498825, 0.0032852429430931807, -0.04523487016558647, -0.05890251696109772, -0.006885509938001633, -0.002365788910537958, -0.028609748929739, -0.05933389440178871, 0.04877826198935509, 0.006594071164727211, 0.001133694895543158, -0.004065611399710178, -0.0769273042678833, -0.00779240345582366, 0.05719250813126564, -0.05503508076071739, -0.010281676426529884, -0.038250867277383804, -0.004558581858873367, 0.0016860681353136897, -0.037649158388376236, -0.035887449979782104, 0.0029198103584349155, 0.0016479508485645056, 0.015034409239888191, -0.0036557267885655165, 0.004543953109532595, -0.028525376692414284, 0.052503861486911774, -0.01611751690506935, 0.022229578346014023, -0.004331204108893871, -0.05888214707374573, -0.09075672924518585, -0.0026110701728612185, 0.1130567416548729, 0.05965476483106613, -0.02011994458734989, 0.022676466032862663, -0.01747327297925949, -0.05281956493854523, 0.005847996566444635, -0.05745667591691017, -0.009490210562944412, 0.0005379284266382456, -0.014194591902196407, -0.012099090032279491, 0.05232171341776848, 0.012019677087664604, -0.0037471032701432705, 0.06179787591099739, 0.10197876393795013, -0.08438868820667267, -0.007186476606875658, 0.0646243765950203, -0.017148476094007492, 0.021623408421874046, -0.0032457939814776182, -0.00542870769277215, 0.007738929707556963, -0.004459316376596689, 0.01208088081330061, -0.015177731402218342, 0.001844308222644031, -0.011752759106457233, 0.005062336567789316, 0.003923624753952026, 0.02512681670486927, -0.030917368829250336, -0.01576671376824379, 0.05951366201043129, 0.02190220355987549, 0.018785659223794937, 0.010546989738941193, -0.021160008385777473, 0.03249655291438103, -0.030569428578019142, 0.017176076769828796, -0.001949213445186615, 0.0030256505124270916, -0.004769727122038603, 0.003279970958828926, 0.025705067440867424, 0.0869271457195282, 0.03182891383767128, -0.06096193939447403, 0.02971671149134636, 0.04940922185778618, 0.04229183867573738, 2.626615298595425e-07, -0.01972210220992565, -0.0002779985952656716, -0.0009757024236023426, -0.06380625069141388, 0.006138612516224384, 0.02423172816634178, 0.005293365567922592, 0.0036062649451196194, 0.10099350661039352, -0.004842911381274462, 0.052572332322597504, -0.06476081907749176, 0.012462001293897629, -0.0019255972001701593, -0.035031188279390335, 0.03512660413980484, -0.0010650679469108582, -0.04865838214755058, -0.01862339675426483, -0.005200015380978584, 0.014518152922391891, -0.03297035023570061, -0.023636389523744583, -0.03849543258547783, -0.0025749660562723875, 0.010360212996602058, 0.014410905539989471, -0.023892950266599655, -0.025452224537730217, -0.08095413446426392, 0.041971758008003235, -0.019775452092289925, 0.033950671553611755, 0.03662713244557381, -0.011745360679924488, 0.032252565026283264, -0.04581454396247864, 0.029495393857359886, -0.024775398895144463, 0.08463934808969498, -0.019478054717183113, -0.07344500720500946, 0.018608897924423218, -0.02686033770442009, 0.037047095596790314, 0.08541913330554962, -0.03156484290957451, 0.038991477340459824, -0.06336528062820435, 0.028031356632709503, 0.0012096317950636148, 0.017479054629802704, -0.022200969979166985, -0.04506232589483261, -0.0038461845833808184, -0.005173326935619116, -0.009274098090827465, 0.016222529113292694, 0.022028759121894836, 0.031881753355264664, -0.013117934577167034, 0.03510524705052376, 0.019595695659518242, -0.0038015658501535654, 0.038725920021533966, -0.003275295253843069, -0.013226453214883804, 2.227743858679368e-34, -0.012653060257434845, -0.06748540699481964, 0.08158165216445923, -0.016671692952513695, -0.03994730859994888, -0.003213684307411313, -0.012065712362527847, -0.020767511799931526, 0.023832004517316818, -0.0830673947930336, -0.004598662257194519]"
" night of the 22/5/98.
In the case of Cole vrs. Turner {1706} 6 Mod. 149, Holt C.J. stated that the least “touching of another in anger is a battery;” and this is still the law. In the law of battery there is no requirement to prove that the contact caused or threatened to cause any physical injury or harm. Thus in the case of Wilson vrs. Pringle \[1986\] 2 AER 440 at page 495 C.A., it was held that “an intention to injure is not essential to an action for trespass to the person which is the offence.”
Therefore the culpable touching may take several forms subject to the Rule that the contact must be direct.
The principle in awarding damages is to compensate the “Plaintiff” for the losses pecuniary and non-pecuniary which he had sustained as a result of the “Defendant’s” tort – more specifically the assessment process is said to aim at restitutio in integrum.
Here we cite the oft-quoted words of Lord Blackburn that “the Court should award that sum of money which will put the party who has been injured or who has suffered in the same position as he would have been in if he had not suffered the wrong for which he is now getting his compensation or reparation.”
The loss for which the Plaintiff claims compensation must be caused by and must not be too remote a consequence of the defendants tort. Thus in the case before us, the Appellant must reasonably have foreseen that his conduct ","{'booksReferredTo': [], 'caseId': {'number': 'H1/95/2004', 'type': None}, 'casesReferredTo': [], 'combinedCounsel': ['', ''], 'combinedParties': ['NAZIRE ABED v CHARLES LABA'], 'counsel': {'Plaintiff/Appellant': [], 'Defendant/Respondent': []}, 'court': {'location': {'city': 'ON THE TH DAY OF APRIL  BEFORE', 'country': 'GHANA'}, 'name': 'COURT OF APPEAL SITTING AT ACCRA'}, 'editorialNote': None, 'headNotes': None, 'indices': [], 'judgement': {'date': None, 'year': None, 'month': None, 'day': None}, 'judges': [], 'lawReportsCitations': [], 'mediaNeutralCitation': None, 'natureOfProceedings': None, 'partiesOfSuit': {'Plaintiff/Appellant': ['NAZIRE ABED'], 'Defendant/Respondent': ['CHARLES LABA']}, 'source': 'elibrary.jsg.gov.gh', 'sourceFile': '\\original_source_files\\Cases from 1993 - 2014\\2000\\COURT OF APPEAL\\NAZIRE ABED v CHARLES LABA.htm', 'statutesReferredTo': [], 'title': {'long': 'NAZIRE ABED v CHARLES LABA', 'short': 'NAZIRE ABED vs CHARLES LABA'}}","[0.009734525345265865, -0.049150362610816956, 0.035873893648386, -0.021199889481067657, -0.03334840014576912, 0.04128824174404144, 0.02231467142701149, 0.006213605869561434, 0.017027854919433594, -0.012861283496022224, -0.016480715945363045, -0.0084416838362813, 0.03200320899486542, -0.1270940601825714, 0.04103982821106911, 0.056677620857954025, -0.0021863561123609543, 0.044328976422548294, 0.0300362017005682, 0.060083385556936264, 0.04381388798356056, -0.01606697589159012, -0.025271648541092873, -0.01100134290754795, -0.1022232249379158, 0.022724634036421776, -0.0015234053134918213, 0.011722217313945293, 0.014368862845003605, -0.05201692879199982, -0.03231709077954292, 0.017787283286452293, 0.010542327538132668, -0.024912182241678238, 2.219991074525751e-06, -0.00650405790656805, 0.022039566189050674, -0.01767672412097454, 0.04852183908224106, 0.010878064669668674, 0.005383612122386694, -0.015310894697904587, 0.020298311486840248, 0.04388422891497612, 0.005263192113488913, 0.005069352686405182, -0.014382380060851574, 0.07678354531526566, 0.004621653351932764, 0.042368605732917786, 0.008022026158869267, -0.010240651667118073, 0.021477557718753815, -0.02079942636191845, 0.08060061186552048, 0.04623530060052872, -0.002537751104682684, 0.020735977217555046, 0.003800490405410528, -0.033993981778621674, 0.06858928501605988, -0.03842572122812271, 0.004596664570271969, -0.0028658718802034855, -0.06336473673582077, -0.034195829182863235, -0.02344849891960621, 0.07688003033399582, 0.009138147346675396, -0.05040368810296059, 0.02384011261165142, 0.028838148340582848, -0.04374166578054428, -0.010175833478569984, 0.003473449032753706, -0.008679592050611973, 0.06633105129003525, 0.011153396219015121, -0.04726269468665123, -0.039631880819797516, -0.014115012250840664, 0.08431635051965714, -0.015635153278708458, 0.044189199805259705, -0.0174446702003479, -0.026335133239626884, -0.008372712880373001, 0.011077950708568096, 0.011967770755290985, 0.0292349886149168, 0.06788885593414307, -0.02602165751159191, -0.045410580933094025, -0.019698893651366234, -0.003106494667008519, -0.003668012795969844, -0.03396004065871239, 0.022859439253807068, 0.027816500514745712, -0.05903720483183861, -0.03721355274319649, -0.00033721013460308313, -0.04496077075600624, -0.043377820402383804, 0.00493689114227891, -0.03969668596982956, -0.08998244255781174, 0.039232417941093445, -0.02789941057562828, 0.05527498945593834, -0.012860788032412529, -0.0018106336938217282, -0.004471980035305023, -0.02906407043337822, -0.06882162392139435, 0.05634753033518791, 0.03055611625313759, -0.018019801005721092, -0.028793303295969963, -0.024921057745814323, -0.05915001407265663, -0.013768426142632961, -0.034466974437236786, -0.0004286175826564431, 0.04002303630113602, -0.08727288991212845, -0.005212048068642616, -0.005996714346110821, -0.001330032479017973, -0.059850867837667465, -0.02664283663034439, -0.02148057520389557, -0.029433226212859154, -0.038711871951818466, -0.05097489058971405, 0.11871467530727386, -0.014394277706742287, -0.036852315068244934, -0.056698862463235855, -0.01686549186706543, -0.012424902990460396, 0.03733721002936363, 0.013715317472815514, 0.008204237557947636, -0.041952963918447495, -0.050569694489240646, -0.01817789487540722, -0.06914577633142471, 0.020632881671190262, -0.00313879968598485, -0.01702377386391163, 0.004685938823968172, 0.00469494704157114, -0.03107718750834465, -0.026728177443146706, 0.0198306143283844, -0.009885177947580814, -0.041432589292526245, 0.0145132876932621, -0.01795107312500477, 0.023366311565041542, 0.019548429176211357, 0.04854254424571991, 0.012904929928481579, 0.022045521065592766, 0.030259450897574425, 0.0762997642159462, -0.025745578110218048, -0.0311251450330019, 0.03522420674562454, -0.01353620458394289, -0.013825331814587116, -0.019473837688565254, 0.03674513101577759, -0.035310693085193634, -0.005194150377064943, -0.036653950810432434, 0.02866392768919468, -0.009037083014845848, -0.0009337878436781466, -0.011280426755547523, -0.0139382965862751, -0.04121667519211769, -0.014646473340690136, -0.0194928590208292, 0.01531209982931614, 0.033914487808942795, -0.01303121354430914, -0.03401864692568779, 0.024396592751145363, -0.01594051718711853, 0.010543972253799438, 0.019470013678073883, -0.006189827807247639, 0.00016934303857851774, -0.0018279561772942543, 0.05021950230002403, -0.012908500619232655, 0.041126810014247894, 0.044694215059280396, 0.018328147009015083, 0.002743163611739874, -0.04010576009750366, -0.015432767570018768, -0.03621850535273552, 0.05360160768032074, -0.013859509490430355, -0.03326431289315224, 0.019443295896053314, -0.0017253601690754294, 0.008946348913013935, -0.019883103668689728, 0.02063184604048729, -3.575304799596779e-05, -0.019711069762706757, -0.0039451029151678085, -0.005268884357064962, 0.03728694096207619, -0.07442211359739304, 0.015729917213320732, 0.0026841508224606514, 0.06829565018415451, -0.01865224912762642, 0.010255272500216961, 0.014283204451203346, -0.0840151235461235, -0.04870166629552841, -0.018565382808446884, 0.04861009120941162, 0.024455690756440163, -0.02374301478266716, -0.04025072604417801, 0.03560943156480789, -0.004816540516912937, 0.0839080736041069, -0.0009378172107972205, 0.023370549082756042, -0.0003925355267710984, 0.0026609243359416723, 0.010156976990401745, -0.0024303707759827375, -0.060352761298418045, -0.033331021666526794, 0.009638823568820953, -0.06496255844831467, 0.00423022173345089, 0.002060663653537631, -0.06516943871974945, -0.0670996680855751, -0.00562085909768939, -0.05955030769109726, 0.009326661936938763, -0.018673161044716835, 0.04120437800884247, -0.02039080485701561, 0.020552169531583786, -0.017442045733332634, 0.03816022351384163, -0.0071728467009961605, -0.07979178428649902, -0.05068773776292801, -0.0011313832364976406, 0.009918434545397758, 0.01270013116300106, 0.021817991510033607, -0.048099126666784286, 0.03329627588391304, -0.0002623806067276746, -0.014395613223314285, 0.002622742671519518, -0.04041685163974762, -0.02487810142338276, 0.06726470589637756, 6.026441769790836e-05, 0.010709215886890888, 0.058255936950445175, -0.06288865953683853, -0.0020588559564203024, 0.032884761691093445, -0.028500165790319443, -0.0049778856337070465, 0.023184334859251976, 0.00837919395416975, -9.188269905280322e-05, -0.03356523811817169, -0.02482120506465435, 0.0010087371338158846, -0.012101505883038044, 0.0016664500581100583, -0.003625835757702589, 0.0027605725917965174, 0.015108986757695675, -0.01547781378030777, -0.032701246440410614, 0.005250556394457817, -0.031476132571697235, -0.06490921974182129, 0.0005297258612699807, 0.06685733795166016, 0.05921430513262749, -0.02735760249197483, 0.0015207846881821752, -0.025307560339570045, 0.008179028518497944, 0.010441819205880165, -0.002766398014500737, 0.021530242636799812, -0.012911990284919739, -0.03747745230793953, 0.03842869773507118, -0.02295810915529728, -0.008402862586081028, -0.013091560453176498, -0.04432890564203262, -0.01564742997288704, -0.07645677775144577, -0.028756750747561455, -0.04781029373407364, -0.015149417333304882, 0.0030446574091911316, 0.024419140070676804, -0.0587383471429348, 0.0020146865863353014, -0.008388343267142773, 0.012473502196371555, 0.008110195398330688, 0.022592226043343544, 0.027110939845442772, 0.12339825928211212, 0.021506378427147865, -0.024385148659348488, -0.04559711739420891, -0.03616199269890785, 0.060440436005592346, -0.06300809979438782, 0.01844821497797966, 0.032650548964738846, -0.0003557780000846833, 0.00387191423214972, 0.025717899203300476, -0.003136757528409362, 0.0037488306406885386, 0.03353646397590637, -0.11385136097669601, 0.011904580518603325, -0.0041415938176214695, -0.07320471853017807, 0.035157907754182816, 0.01600615866482258, -0.038279272615909576, -0.005842965561896563, -0.02888912707567215, 0.006556275766342878, -0.00047066566185094416, 0.02754395455121994, -0.013148131780326366, -0.03365013748407364, -0.001202724757604301, 0.010414757765829563, 0.024826617911458015, -0.08754263073205948, 0.024180028587579727, -0.022820571437478065, -0.0033355802297592163, -0.001224618754349649, 0.04847686365246773, -0.006672082468867302, -0.010554141364991665, -0.016916349530220032, 0.0140976058319211, 0.02042778581380844, 0.06840096414089203, -0.0625678077340126, 0.04465794935822487, -0.03831615671515465, -0.032080769538879395, 0.009246546775102615, -0.04972558841109276, -0.014769390225410461, -0.000973824062384665, -0.002905165543779731, -0.05054613947868347, 0.0493895560503006, 0.002650141716003418, -0.03183968365192413, 0.025018641725182533, 0.007634681649506092, 0.010423100553452969, 0.02158227004110813, 0.06898616254329681, 0.0015448785852640867, 0.0003678793436847627, -0.032453663647174835, 0.03292924165725708, 0.049433737993240356, 0.028871608898043633, -0.008252193219959736, 0.06040896475315094, 0.008494076319038868, 0.030528482049703598, 0.0356152281165123, 0.04857605695724487, 0.0493563711643219, -0.004117819480597973, -0.0013791528763249516, -0.001725889160297811, -0.05106411874294281, 0.00821972731500864, -0.008429121226072311, 0.049401216208934784, 0.01705101691186428, -0.0019340763101354241, 0.003707590978592634, 0.019699282944202423, -0.017109284177422523, 0.0004743449972011149, 0.017460845410823822, -0.0034895637072622776, 0.018065325915813446, 0.05231952667236328, -0.023508906364440918, 0.053519997745752335, 0.017428595572710037, -0.04547610506415367, 0.03565781190991402, -0.0027517916169017553, -0.051036350429058075, 0.04409955069422722, -0.03646039962768555, 0.007946597412228584, 0.061780087649822235, -0.010240618139505386, 0.021830454468727112, -0.011465844698250294, 0.06607691943645477, -0.005395614542067051, -0.017830796539783478, 0.0447910837829113, -0.01720384880900383, 0.013623705133795738, -0.038938358426094055, -0.00015237918705679476, 0.12930329144001007, 0.04934316873550415, -0.032286278903484344, -0.030792236328125, -0.018973764032125473, -0.00786458607763052, 0.022497262805700302, 0.01234276220202446, -0.0175308920443058, 0.06333635002374649, 0.10512043535709381, -0.029559548944234848, -0.02664789929986, -0.00044882402289658785, -0.11521824449300766, 0.053281549364328384, 0.0030199706088751554, 0.03785707801580429, 0.01807926781475544, 0.031016379594802856, 0.05857224389910698, -0.03517405688762665, -0.03255251422524452, -0.024748293682932854, -0.04065666347742081, 0.02567921206355095, 0.024162955582141876, -0.01864587515592575, -0.01915447600185871, -0.02006889320909977, -0.06136925891041756, 0.022710604593157768, 0.037972792983055115, 0.010209593921899796, -0.010117387399077415, 0.04191602021455765, -0.029671570286154747, -0.007405371405184269, -0.010917659848928452, 0.04050758108496666, -0.005656676832586527, -0.02100423350930214, 0.004861363209784031, -0.005575902760028839, 0.04195653274655342, 0.016751369461417198, -0.01075579784810543, -0.03778156638145447, -0.020495256409049034, 0.014894225634634495, -0.051023177802562714, -0.08012097328901291, -0.042714592069387436, 0.07464468479156494, 0.001520258723758161, 0.04415511339902878, 0.07757803052663803, -0.052735090255737305, -0.001793810399249196, 0.020590955391526222, 0.01096415240317583, -0.039200253784656525, -0.04165133461356163, 0.03508314862847328, -0.024661539122462273, 0.035361554473638535, 0.007560273632407188, 0.0011202277382835746, -0.0347319096326828, 0.009086999110877514, -0.05625663697719574, -0.004091936629265547, 0.031663767993450165, -0.0009019983699545264, -0.06122221052646637, -0.030689386650919914, 0.013844837434589863, 0.013321025297045708, 0.015531385317444801, -0.0009067148785106838, 0.0026969765312969685, -0.06260999292135239, -0.04363357648253441, 0.038065724074840546, 0.016084684059023857, 0.003880871692672372, 0.013207203708589077, -0.03645838797092438, -0.04614627733826637, -0.0011343986261636019, -0.011518720537424088, 0.0037362920120358467, 0.029237205162644386, -0.039553627371788025, 0.021818093955516815, 0.006077191326767206, 0.017198137938976288, -0.10606979578733444, -0.009161313995718956, 0.017949603497982025, -0.025365004315972328, 0.01242485549300909, 0.02556326612830162, 0.009455354884266853, 0.019237937405705452, -0.0018396666273474693, 0.03929737210273743, 0.023359520360827446, 0.051950182765722275, 0.07868210971355438, 0.028391994535923004, -0.0033350051380693913, -0.02039927802979946, -5.8016968168635405e-33, 0.013774207793176174, 0.03286467865109444, 0.019763421267271042, 0.041102662682533264, -0.06939712166786194, 0.006589940283447504, -0.033868804574012756, -0.010135143995285034, 0.018040206283330917, -0.001382645801641047, 0.032851092517375946, 0.04935275763273239, 0.010804484598338604, -0.028208615258336067, 0.04221443459391594, -0.06715033203363419, -0.030131010338664055, 0.04792466014623642, 0.02762763202190399, 0.021358972415328026, -0.02241305075585842, -0.024490837007761, 0.021259283646941185, -0.019084885716438293, 0.02053261548280716, 0.031512461602687836, -0.02794489450752735, -0.03767803683876991, -0.05308149755001068, 0.0010662053246051073, 0.013046283274888992, -0.04489798843860626, 0.015388528816401958, -0.01468723639845848, 0.06029598414897919, 0.07246879488229752, 0.022956792265176773, -0.03295516222715378, -0.010642829351127148, -0.04725470393896103, -0.002907196059823036, 0.005270898342132568, -0.04904114454984665, -0.0015188957331702113, -0.02667704038321972, -0.05832544341683388, -0.029691584408283234, 0.045261919498443604, -0.02376486361026764, -0.07982110977172852, -0.009453652426600456, 0.019483763724565506, -0.01209301594644785, -0.039331529289484024, 0.0019112641457468271, -0.11955644190311432, 0.0060824379324913025, 0.0631440058350563, -0.04459090158343315, -0.024173783138394356, -0.05993487313389778, 0.004768181126564741, 0.0055597517639398575, -0.023075031116604805, -0.013755543157458305, 0.01942945457994938, 0.0028904855716973543, 0.038079891353845596, -0.009315621107816696, 0.03271477296948433, -0.006874452345073223, 0.02300076000392437, -0.040960997343063354, 0.04189709201455116, 0.01969818025827408, -0.027654603123664856, -0.05664856731891632, -0.007529460359364748, 0.07935776561498642, 0.07886232435703278, -0.006314829923212528, 0.03365049138665199, -0.00843827798962593, -0.031221864745020866, 0.0038798984605818987, -0.05449460446834564, -0.03171652927994728, -0.02261236123740673, -0.0004493539163377136, -0.003939091693609953, 0.07423694431781769, 0.017658554017543793, 0.0013634876813739538, 0.08025676012039185, 0.06033925712108612, -0.002904121531173587, -0.0011777578620240092, 0.05581757798790932, -0.046641428023576736, -0.015163605101406574, 0.01382265705615282, -0.05689498782157898, 0.0001363058399874717, -0.02079363353550434, 0.05296237766742706, -0.011912880465388298, 0.02814086526632309, -0.002817387692630291, 0.052676424384117126, -0.02658899873495102, 0.01852812059223652, 0.033142492175102234, -0.01796972006559372, 0.023945346474647522, 0.013669323176145554, 0.056906912475824356, 0.00545686949044466, 0.008491446264088154, 0.044527485966682434, 0.012024837546050549, 0.02424369379878044, 0.06437811255455017, 0.0026263867039233446, -0.027178699150681496, 0.020224679261446, 0.007106089033186436, 0.07307948917150497, 0.02091936580836773, -0.059631332755088806, -0.006964204367250204, 0.03149019181728363, -0.0007180226384662092, 2.897142223901028e-07, -0.04369087144732475, -0.009115038439631462, 0.027249399572610855, -0.023242203518748283, 0.020968643948435783, 0.017097091302275658, 0.03573882579803467, 0.04071810841560364, 0.11135532706975937, -0.009635880589485168, 0.0640752911567688, -0.04070079326629639, 0.020890891551971436, -0.014310234226286411, -0.018432559445500374, -0.008108255453407764, -0.009953198954463005, -0.05828600376844406, 0.044884029775857925, 0.002121427096426487, 0.010817743837833405, -0.056165661662817, 0.005189717281609774, -0.004401419311761856, 0.003957424312829971, 0.015489361248910427, -0.017704298719763756, -0.08075138926506042, 0.033053409308195114, -0.006889726966619492, 0.029869912192225456, -0.02885809727013111, 0.005833647679537535, 0.035961370915174484, -0.010789594613015652, -0.018345363438129425, -0.03687744960188866, -0.009118955582380295, -0.015031070448458195, 0.04739193990826607, -0.0339198000729084, -0.03164967522025108, 0.02273380197584629, -0.010570800863206387, -0.02424030564725399, 0.04040129855275154, -0.007656168192625046, 0.09166062623262405, -0.03229045495390892, 0.010114886797964573, -0.027677031233906746, 0.018850889056921005, 0.002676506992429495, -0.030837351456284523, 0.017762618139386177, -0.00015742506366223097, 0.019170278683304787, 0.00289618456736207, -0.031490128487348557, 0.057081129401922226, 0.06679830700159073, 0.039132293313741684, 0.006533903069794178, 0.04451373592019081, 0.014285361394286156, -0.06045440211892128, -0.01507163792848587, 2.0410099229777762e-34, -0.02949484810233116, -0.0795690044760704, 0.019307691603899002, 0.007081544492393732, -0.062279023230075836, 0.015079338103532791, 0.006612814962863922, -0.020679300650954247, 0.024064654484391212, -0.043070122599601746, 0.0015342355472967029]"
"would aggravate the Respondent’s injury since he knew or should have known that the Respondent was not physically sound considering that he was using crutches.
In our opinion we think the learned trial judge was right in coming to the conclusion he did in finding that it was the Appellant who “left his seat, advanced on the Plaintiff, slapped him” and when the Respondent tried to escape, “pursued him, punching his feet and leg.” Again the fact that the Respondent was using crutches and had had an operation on his knee in France was also not disputed.
The cases of Rookes vrs. Barnavd {1964} A.C. 1129, 1221 – 1233 and Broome vrs. Cassel & Co. Ltd. {1972} A. C. 102 both support the legal principles that the time, place and manner of the trespass and the conduct of the Defendant may be taken into account and the Court may award aggravated damages on these grounds.
This Court therefore does not intend to interfere with the findings of fact by the learned trial judge at the Court below. In view of the principle stated in the two cases just cited supra, we affirm that though it was not the physical assault by the Appellant which caused Defendant’s original injury to his knee; after the trespass to his person, the doctors recommended that he goes back to France for some laboratory tests to be done to assess any fresh damages which may have been done to the knee due to Appellant’s conduct.","{'booksReferredTo': [], 'caseId': {'number': 'H1/95/2004', 'type': None}, 'casesReferredTo': [], 'combinedCounsel': ['', ''], 'combinedParties': ['NAZIRE ABED v CHARLES LABA'], 'counsel': {'Plaintiff/Appellant': [], 'Defendant/Respondent': []}, 'court': {'location': {'city': 'ON THE TH DAY OF APRIL  BEFORE', 'country': 'GHANA'}, 'name': 'COURT OF APPEAL SITTING AT ACCRA'}, 'editorialNote': None, 'headNotes': None, 'indices': [], 'judgement': {'date': None, 'year': None, 'month': None, 'day': None}, 'judges': [], 'lawReportsCitations': [], 'mediaNeutralCitation': None, 'natureOfProceedings': None, 'partiesOfSuit': {'Plaintiff/Appellant': ['NAZIRE ABED'], 'Defendant/Respondent': ['CHARLES LABA']}, 'source': 'elibrary.jsg.gov.gh', 'sourceFile': '\\original_source_files\\Cases from 1993 - 2014\\2000\\COURT OF APPEAL\\NAZIRE ABED v CHARLES LABA.htm', 'statutesReferredTo': [], 'title': {'long': 'NAZIRE ABED v CHARLES LABA', 'short': 'NAZIRE ABED vs CHARLES LABA'}}","[-0.015666531398892403, -0.01675644889473915, 0.021351434290409088, -0.00103337864857167, -0.05138050764799118, 0.00158019142691046, 0.02852826751768589, 0.0373525507748127, 0.030150867998600006, -0.025907175615429878, 0.059045322239398956, -0.01819532737135887, 0.011259578168392181, -0.05520795285701752, 0.07984168827533722, 0.07169141620397568, 0.018316054716706276, 0.02357291430234909, -0.03576812520623207, 0.024687549099326134, 0.03183095157146454, -0.016872229054570198, -0.017368871718645096, 0.029397834092378616, -0.001730694668367505, 0.024851476773619652, 0.04664159193634987, -0.025900429114699364, -0.012706218287348747, 0.007244643289595842, -0.048103950917720795, 0.028631392866373062, 0.02824590913951397, -0.05832631513476372, 2.4941266474343138e-06, 0.012071872130036354, -0.017033107578754425, -0.054382070899009705, 0.014406321570277214, -0.014883719384670258, -0.03471102565526962, -0.04728015884757042, 0.008449309505522251, -0.013707859441637993, -0.01074075885117054, -0.05741061642765999, -0.05089348927140236, 0.07264333963394165, -0.04413361847400665, 0.0842650979757309, -0.0015848191687837243, 0.027230579406023026, -0.06140466779470444, -0.014952726662158966, 0.047429848462343216, -0.005994845647364855, -0.017525218427181244, 0.023140765726566315, 0.04791265353560448, -0.0643792673945427, 0.01249910518527031, -0.034620802849531174, -0.006669060327112675, 0.005063783843070269, -0.10512606799602509, -0.039081547409296036, -0.03589603304862976, 0.0575348325073719, 0.03809824213385582, -0.029714282602071762, -0.024653567001223564, 0.03272835537791252, -0.025185296311974525, 0.030031651258468628, 0.024088054895401, 0.003143741749227047, 0.06478124111890793, 0.016948062926530838, -0.007338422350585461, -0.0394497811794281, -0.019463885575532913, 0.0531892292201519, -0.023846101015806198, 0.03731294348835945, -0.054180823266506195, -0.06808483600616455, 0.004814646206796169, 0.025627376511693, 0.004316747188568115, 0.018000677227973938, 0.04654582962393761, -0.01604277826845646, 0.016076985746622086, 0.005508077330887318, -0.012012059800326824, -0.031020620837807655, -0.0379415862262249, 0.023913221433758736, 0.04507841542363167, -0.08400999009609222, -0.027352171018719673, 0.017763566225767136, -0.012478955090045929, -0.05719982087612152, -0.011620603501796722, 0.0011686726938933134, -0.1056412011384964, 0.05185758322477341, -0.01930016651749611, 0.08355052024126053, -0.036269623786211014, 0.03413635492324829, 0.039176229387521744, -0.031069690361618996, -0.06598127633333206, 0.029876437038183212, -0.006188774481415749, -0.027118399739265442, 0.057124923914670944, -0.010640434920787811, -0.05855664238333702, -0.003227280918508768, -0.04387546703219414, 0.02826102077960968, 0.0029450540896505117, -0.07487650960683823, -0.014929285272955894, 0.041077081114053726, -0.0005443194531835616, 0.00920579582452774, -0.011446068063378334, -0.01150224544107914, -0.005154794547706842, 0.002816775580868125, -0.02320791222155094, 0.10890758782625198, -0.02216210588812828, 0.003729284508153796, 0.002749989740550518, -0.04253729060292244, -0.02861064486205578, 0.00474599190056324, 0.008520101197063923, -0.013352825306355953, -0.005822369828820229, -0.016808245331048965, -0.000876632344443351, -0.07787387073040009, 0.00696001248434186, -0.008963021449744701, -0.061843521893024445, -0.008383216336369514, -0.04471735656261444, -0.014375336468219757, -0.04394453763961792, 0.028533481061458588, -0.02115553617477417, -0.0719844400882721, -0.019656676799058914, -0.05503269284963608, -0.009772495366632938, -0.031866755336523056, 0.019598038867115974, -0.01457262597978115, -0.027918333187699318, -0.010152722708880901, 0.008733711205422878, 0.025598693639039993, 0.03383806347846985, 0.04503844678401947, -0.03148837387561798, 0.04112842306494713, -0.03364115208387375, 0.08004103600978851, -0.030283331871032715, 0.014584548771381378, 0.0009432730730623007, 0.018473362550139427, -0.05178606137633324, -0.05345943570137024, -0.021898172795772552, 0.03056224435567856, -0.0032043703831732273, -0.07562103867530823, 0.005858529359102249, -0.001323735574260354, 0.03532686084508896, 0.026618333533406258, -0.014449910260736942, 0.03348524868488312, 0.007463715970516205, 0.016484329476952553, 0.02551364153623581, 0.005320546217262745, 0.028285928070545197, 0.028808411210775375, 0.043284304440021515, 0.003162645734846592, 0.03702787682414055, 0.021487625315785408, -0.007810278795659542, 0.018946098163723946, -0.07344803214073181, 0.016440635547041893, -0.02239241637289524, 0.05327649042010307, 0.02380451001226902, -0.01162366010248661, 0.004709896165877581, -0.02397608757019043, -0.006157551892101765, 0.019235318526625633, -0.017173726111650467, 0.010554579086601734, 0.0010323540773242712, 0.0023636682890355587, 0.013756713829934597, -0.006199358496814966, -0.0798039585351944, 0.05409412086009979, -0.03287046402692795, 0.0053974236361682415, -0.041897233575582504, -0.013127995654940605, -0.019731320440769196, -0.01786808855831623, 0.0038488435093313456, -0.028979884460568428, -0.02137729525566101, -0.003055359236896038, -0.0037498630117625, -0.03483826294541359, 0.00474491436034441, -0.023405196145176888, 0.05081353336572647, 0.07046743482351303, 0.010448758490383625, -0.057869892567396164, 0.0005752288270741701, -0.004356358200311661, -0.003419657237827778, -0.06583429872989655, -0.01083279587328434, -0.013306978158652782, -0.03667071834206581, -0.030640462413430214, 0.007853444665670395, 0.0031018215231597424, -0.03735433518886566, 0.042612675577402115, -0.03795255348086357, 0.006903143133968115, -0.018339967355132103, 0.040207549929618835, -0.02034243568778038, 0.021493909880518913, -0.03861368075013161, 0.03733386471867561, 0.012818209826946259, -0.05546071380376816, -0.011339368298649788, -0.011224377900362015, 0.0015435009263455868, -0.00501251919195056, 0.03517744690179825, -0.03527567908167839, 0.029241999611258507, 0.06299284845590591, -0.006435825489461422, -0.009369544684886932, -0.0022209733724594116, -0.02167643792927265, 0.045501355081796646, 0.006504266522824764, -0.04203234612941742, -0.01955825462937355, -0.040412139147520065, 0.022277992218732834, 0.011889543384313583, -0.03628017380833626, 0.02259536273777485, 0.04581823572516441, 0.003759946906939149, 0.023465707898139954, 0.0076367356814444065, -0.0038669228088110685, -0.01626545563340187, -0.020846176892518997, 0.0005692056147381663, 0.01761266030371189, -0.0027505678590387106, 0.004013672471046448, -0.029268348589539528, -0.019196748733520508, -0.031386297196149826, -0.010084506124258041, -0.07266445457935333, -0.03579169511795044, 0.01774211786687374, 0.03639465942978859, 0.04479846730828285, 0.017181387171149254, 0.021485593169927597, -0.022161701694130898, 0.007400989066809416, 0.057698413729667664, -0.00779563095420599, -0.011117972433567047, -0.03441951051354408, -0.04085398092865944, 0.004428370390087366, -0.008932835422456264, 0.014719359576702118, -0.03276396915316582, -0.024691395461559296, -0.024556389078497887, 0.006079834885895252, -0.025247566401958466, -0.010270461440086365, 0.024650825187563896, 0.05207372084259987, -0.014909318648278713, 0.02311909757554531, 0.04826357215642929, 0.036505814641714096, 0.003021870506927371, 0.008601624518632889, -0.0018250291468575597, 0.07848811894655228, 0.024977440014481544, 0.023384734988212585, -0.03971331566572189, -0.028767932206392288, 0.044251199811697006, 0.013269508257508278, 0.037458308041095734, 0.004928308539092541, -0.0018835655646398664, 0.028754515573382378, 0.04144297540187836, -0.030816728249192238, -0.07080210000276566, 0.03497076407074928, -0.039256639778614044, 0.03295820578932762, 0.0026303273625671864, -0.06386350095272064, 0.0695495679974556, -0.018076004460453987, -0.033346086740493774, -0.037341102957725525, 0.051078710705041885, -0.02422236278653145, 0.030490044504404068, 0.012864794582128525, -0.02399936504662037, 0.006223991513252258, 0.03422272577881813, -0.012023820541799068, -0.0060135796666145325, -0.06354779750108719, 0.03532205894589424, 0.018815243616700172, 0.01818227767944336, 0.040135134011507034, 0.012533383443951607, -0.028587838634848595, 0.00830028299242258, -0.029290731996297836, 0.0182568971067667, -0.023032572120428085, 0.02950347028672695, -0.09990967810153961, 0.025448432192206383, -0.05448196828365326, 0.0021956460550427437, 0.028776416555047035, -0.0006338398088701069, -0.054888516664505005, -0.012754512950778008, 0.0229597557336092, -0.0627785325050354, 0.035495251417160034, 0.0022178874351084232, 0.024768810719251633, 0.02513793669641018, 0.03692266345024109, 0.00026922114193439484, 0.013481872156262398, 0.058139868080616, -0.009635062888264656, -0.04700680077075958, -0.06378719955682755, 0.015584053471684456, 0.03689910098910332, 0.05721622705459595, 0.0003915427369065583, 0.04604480788111687, 0.003574045840650797, 0.03668605163693428, -0.02025623433291912, 0.029639583081007004, -0.044079117476940155, 0.0036747734993696213, -0.0017568501643836498, 0.03325125202536583, -0.04233618825674057, -0.022212643176317215, -0.0036506601609289646, 0.009972400031983852, 0.01995365507900715, 0.023906949907541275, 0.02386278659105301, 0.007207577116787434, 0.005261290352791548, 0.028511252254247665, 0.00869317539036274, -0.025081662461161613, 0.00786312110722065, 0.029370872303843498, -0.015562699176371098, 0.028513973578810692, 0.015059233643114567, -0.09868405759334564, 0.028301091864705086, -0.023114074021577835, -0.04876329004764557, 0.023556038737297058, -0.03694834187626839, 0.037466082721948624, 0.0606439933180809, -0.049032509326934814, -0.002715121489018202, -0.03884228691458702, -0.029603665694594383, -0.0500883013010025, -0.0167835783213377, -0.010685056447982788, -0.010478113777935505, -0.012026047334074974, 0.011447153985500336, 0.054267629981040955, 0.12964408099651337, 0.0027472800575196743, 0.0444854274392128, -0.025505775585770607, 0.03676959499716759, -0.030195102095603943, 0.06510193645954132, 0.04475866258144379, -0.046258531510829926, 0.06669525802135468, 0.06880628317594528, -0.03993625193834305, 0.004411367699503899, -0.0174994058907032, -0.09725163877010345, 0.12863177061080933, -0.03443688154220581, 0.04998704418540001, -0.0001394059363519773, 0.025154097005724907, 0.013645789586007595, -0.021178776398301125, -0.03391345962882042, -0.046479254961013794, -0.051557425409555435, 0.0379827618598938, 0.0035333004780113697, 0.023010380566120148, -0.09570124000310898, -0.018280431628227234, -0.04662254825234413, 0.011121131479740143, 0.029149482026696205, 0.006265760865062475, 0.019613290205597878, -0.00417157169431448, -0.008233183063566685, 0.011948728933930397, 0.0014748757239431143, 0.04983320087194443, -0.027722658589482307, -0.02465059980750084, -0.007722793612629175, -0.019725270569324493, 0.046920910477638245, -0.027646344155073166, 0.004234167747199535, 0.006363910157233477, 0.000649148365482688, -0.0035592943895608187, 0.009062482975423336, -0.022270550951361656, -0.04292028397321701, 0.03465811535716057, -0.030011964961886406, 0.05350305512547493, 0.10220305621623993, -0.05596033111214638, 0.033672135323286057, 0.04367948696017265, 0.00962112471461296, -0.015415406785905361, 0.019614100456237793, 0.050001297146081924, -0.04175687953829765, 0.023892272263765335, -0.002093493239954114, -0.003501737955957651, -0.027393070980906487, 0.0010562344687059522, -0.03090645931661129, 0.043036989867687225, 0.0469697006046772, -0.0033401772379875183, -0.06082583963871002, -0.025191912427544594, 0.006481839809566736, 0.012098253704607487, -0.004171977750957012, -0.01766132190823555, 0.0009839467238634825, -0.04819318652153015, -0.014267790131270885, 0.02067546360194683, -0.005715720821171999, 0.003927420824766159, 0.013557172380387783, 0.025489797815680504, -0.06899264454841614, -0.008010382764041424, -0.05347311496734619, -0.001198544166982174, 0.001762846950441599, -0.06377217173576355, -0.015366030856966972, -0.033857312053442, -0.0014035735512152314, -0.10528577119112015, 0.010093393735587597, 0.04261772707104683, -0.04603027179837227, -0.010635720565915108, 0.00018752305186353624, 0.012117026373744011, -0.00010196217044722289, -0.017263343557715416, 0.08032633364200592, 0.052507296204566956, 0.0034248926676809788, 0.12157288193702698, 0.03138634189963341, -0.014175602234899998, 0.008059941232204437, -6.325572404696801e-33, 0.07096690684556961, -0.018507355824112892, 0.01195275317877531, -0.0370573028922081, -0.02725611813366413, 0.055674947798252106, -0.06240341439843178, -0.006730259861797094, -0.00113298196811229, -0.028632760047912598, 0.04920407757163048, 0.02011117897927761, 0.006852250080555677, 0.02719685435295105, 0.013330654241144657, -0.0467529259622097, -0.054887838661670685, 0.042305491864681244, -0.008212205953896046, -0.00033261405769735575, -0.01809784397482872, -0.0007543480023741722, 0.03791840746998787, -0.006568656302988529, 0.02639533393085003, 0.0030770478770136833, -0.022636039182543755, -0.04258885234594345, -0.07203493267297745, 0.009370927698910236, -0.0024019174743443727, -0.02097911946475506, 0.024314047768712044, -0.05600395053625107, 0.00846951361745596, 0.04172786697745323, 0.032404523342847824, 0.01799577660858631, -0.003196441801264882, -0.011338038370013237, -0.031162530183792114, 0.016619978472590446, -0.025146711617708206, -0.006105589214712381, -0.017025679349899292, -0.024272745475172997, -0.060282621532678604, 0.011979293078184128, 0.015250064432621002, -0.08258622139692307, 0.004495399072766304, 0.03317753225564957, 0.003458672435954213, -0.02463393844664097, -0.007453778758645058, -0.010956360958516598, 0.007079418282955885, 0.018144290894269943, -0.027357544749975204, -0.00600843271240592, -0.027684153988957405, -0.02001565881073475, -0.030944013968110085, -0.06299294531345367, -0.025455648079514503, 0.022044090554118156, 0.0025534003507345915, 0.02989717200398445, -0.0053083221428096294, 0.0055844406597316265, -0.049686070531606674, 0.034121304750442505, 0.0428343303501606, 0.06427188962697983, 0.04710054770112038, 0.0011124800657853484, -0.048448335379362106, -0.00340871955268085, 0.08809532970190048, 0.014960411936044693, 0.03044121526181698, 0.014581171795725822, -0.05550967901945114, -0.03900357335805893, 0.01617630571126938, -0.0038593050558120012, 0.001894787303172052, 0.007723100949078798, -0.03212006390094757, -0.009391039609909058, 0.08108987659215927, -0.006174290552735329, 0.02238304726779461, 0.08581797778606415, 0.07027898728847504, -0.08313101530075073, 0.010616342537105083, 0.05449623614549637, -0.03619708493351936, 0.021924162283539772, 0.012035754509270191, -0.014358868822455406, -0.003314259694889188, -0.03154352307319641, 0.021238621324300766, -0.019839292392134666, 0.03239493444561958, -0.0067034256644546986, 0.028920093551278114, 0.012210821732878685, 0.06775837391614914, -0.020640140399336815, 0.03342774510383606, 0.04611394926905632, 0.07432129979133606, 0.03945591300725937, 0.010640044696629047, 0.008200626820325851, 0.045540567487478256, -0.016623180359601974, -0.018497271463274956, 0.006392110604792833, 0.02504158206284046, -0.005436678417026997, -0.005302949342876673, -0.0070130047388374805, 0.09414675086736679, 0.044318150728940964, -0.06093480810523033, -0.02511756680905819, 0.04103235900402069, 0.02258567325770855, 3.114118101166241e-07, 0.037379730492830276, 0.0012969844974577427, -0.007055395748466253, -0.06389755010604858, 0.01271031890064478, -0.0049212416633963585, 0.003726419759914279, 0.02870047278702259, 0.1066870167851448, -0.0034056082367897034, 0.0513177327811718, -0.02889464795589447, 0.0018294206820428371, -0.020144503563642502, 0.007246866822242737, 0.005148822441697121, -0.016811883077025414, -0.05460076034069061, 0.03117586113512516, 0.023380758240818977, 0.0026624570600688457, -0.04736559838056564, -0.05584638938307762, 0.006600966211408377, -0.008565465919673443, -0.005454560276120901, -0.01634654961526394, -0.04178855940699577, 0.011706357821822166, -0.06164133921265602, 0.05629514157772064, -0.01686524972319603, -0.017584191635251045, 0.042862776666879654, -0.01857268251478672, 0.017591381445527077, -0.00802080612629652, 0.030205989256501198, -0.02493537776172161, 0.054398905485868454, -0.03797571733593941, -0.09386590868234634, 0.004900161176919937, -0.0004496325855143368, 0.027919942513108253, 0.03696444258093834, -0.009525743313133717, -0.011388649232685566, -0.025812631472945213, 0.02002810314297676, 0.0464804582297802, 0.05066182091832161, -0.0036428351886570454, -0.044671401381492615, 0.008282206021249294, 0.019941193982958794, -0.004626379813998938, -0.013927662745118141, 0.01612839102745056, 0.08191816508769989, -0.01872466318309307, 0.05012301728129387, 0.03448410704731941, -0.0006473510875366628, 0.019829992204904556, -0.06697744876146317, -0.03848111256957054, 2.9279472725558184e-34, -0.01752670295536518, -0.012761527672410011, 0.034800998866558075, -0.046524569392204285, -0.03929106146097183, -0.017129551619291306, 0.006611718330532312, -0.029425984248518944, 0.0417289137840271, -0.038045402616262436, -0.030565693974494934]"
